LATITUDE MIN,LATITUDE MAX,LONGITUDE MIN,LONGITUDE MAX,AGE ESTIMATE (Ma),AGE ESTIMATE UNCERTAINTY (Ma),NUMERICAL (0) OR LABEL (1) FLAG
-74.4,-74.4,164.7,164.7,33.0,33.0,1.0
-74.4,-74.4,164.7,164.7,33.0,33.0,1.0
-74.35,-74.35,164.53,164.53,33.0,33.0,1.0
-74.35,-74.35,164.53,164.53,33.0,33.0,1.0
-74.55,-74.55,164.5,164.5,33.0,33.0,1.0
-74.4,-74.4,165.0,165.0,33.0,33.0,1.0
-74.6,-74.6,164.6,164.6,33.0,33.0,1.0
-71.62,-71.62,170.6,170.6,33.0,33.0,1.0
-71.62,-71.62,170.6,170.6,33.0,33.0,1.0
-71.88,-71.88,171.23,171.23,33.0,33.0,1.0
-72.97,-72.97,167.3,167.3,33.0,33.0,1.0
-72.47,-72.47,170.3,170.3,33.0,33.0,1.0
-71.88,-71.88,171.23,171.23,33.0,33.0,1.0
-71.88,-71.88,171.23,171.23,33.0,33.0,1.0
-78.4331,-78.4331,163.5441,163.5441,33.0,33.0,1.0
-78.4331,-78.4331,163.5441,163.5441,33.0,33.0,1.0
-78.4331,-78.4331,163.5441,163.5441,33.0,33.0,1.0
-78.4331,-78.4331,163.5441,163.5441,33.0,33.0,1.0
-78.4331,-78.4331,163.5441,163.5441,33.0,33.0,1.0
-78.4331,-78.4331,163.5441,163.5441,33.0,33.0,1.0
-71.3178,-71.3178,170.2651,170.2651,33.0,33.0,1.0
-76.1706,-76.1706,168.3791,168.3791,33.0,33.0,1.0
-76.1706,-76.1706,168.3791,168.3791,33.0,33.0,1.0
-76.1706,-76.1706,168.3791,168.3791,33.0,33.0,1.0
-76.1706,-76.1706,168.3791,168.3791,33.0,33.0,1.0
-76.1706,-76.1706,168.3791,168.3791,33.0,33.0,1.0
-76.3,-76.3,-112.1,-112.1,1.29,1.29,1.0
-76.3,-76.3,-112.1,-112.1,1.29,1.29,1.0
-76.3,-76.3,-112.1,-112.1,1.29,1.29,1.0
-76.3,-76.3,-112.1,-112.1,1.29,1.29,1.0
-76.3,-76.3,-112.1,-112.1,1.29,1.29,1.0
-76.3,-76.3,-112.1,-112.1,1.29,1.29,1.0
-76.3,-76.3,-112.1,-112.1,1.29,1.29,1.0
-76.3,-76.3,-112.1,-112.1,1.29,1.29,1.0
-74.4,-74.4,164.7,164.7,33.0,33.0,1.0
-74.4,-74.4,164.7,164.7,33.0,33.0,1.0
-74.4,-74.4,164.7,164.7,33.0,33.0,1.0
-74.4,-74.4,164.7,164.7,33.0,33.0,1.0
-73.45,-73.45,165.5,165.5,12.805,10.225000000000001,1.0
-73.45,-73.45,165.5,165.5,12.805,10.225000000000001,1.0
-73.45,-73.45,165.5,165.5,12.805,10.225000000000001,1.0
-73.45,-73.45,165.5,165.5,12.805,10.225000000000001,1.0
-73.45,-73.45,165.5,165.5,12.805,10.225000000000001,1.0
-73.45,-73.45,165.5,165.5,12.805,10.225000000000001,1.0
-73.45,-73.45,165.5,165.5,12.805,10.225000000000001,1.0
-73.45,-73.45,165.5,165.5,12.805,10.225000000000001,1.0
-73.45,-73.45,165.5,165.5,12.805,10.225000000000001,1.0
-73.45,-73.45,165.5,165.5,12.805,10.225000000000001,1.0
-73.45,-73.45,165.5,165.5,12.805,10.225000000000001,1.0
-73.45,-73.45,165.5,165.5,12.805,10.225000000000001,1.0
-73.45,-73.45,165.5,165.5,12.805,10.225000000000001,1.0
-73.45,-73.45,165.5,165.5,12.805,10.225000000000001,1.0
-73.45,-73.45,165.5,165.5,12.805,10.225000000000001,1.0
-73.45,-73.45,165.5,165.5,12.805,10.225000000000001,1.0
-73.45,-73.45,165.5,165.5,12.805,10.225000000000001,1.0
-73.45,-73.45,165.5,165.5,12.805,10.225000000000001,1.0
-73.45,-73.45,165.5,165.5,12.805,10.225000000000001,1.0
-73.45,-73.45,165.5,165.5,12.805,10.225000000000001,1.0
-73.45,-73.45,165.5,165.5,12.805,10.225000000000001,1.0
-73.45,-73.45,165.5,165.5,12.805,10.225000000000001,1.0
-73.45,-73.45,165.5,165.5,12.805,10.225000000000001,1.0
-73.45,-73.45,165.5,165.5,12.805,10.225000000000001,1.0
-73.45,-73.45,165.5,165.5,12.805,10.225000000000001,1.0
-73.45,-73.45,165.5,165.5,12.805,10.225000000000001,1.0
-73.45,-73.45,165.5,165.5,12.805,10.225000000000001,1.0
-73.45,-73.45,165.5,165.5,12.805,10.225000000000001,1.0
-73.45,-73.45,165.5,165.5,12.805,10.225000000000001,1.0
-73.45,-73.45,165.5,165.5,12.805,10.225000000000001,1.0
-73.45,-73.45,165.5,165.5,12.805,10.225000000000001,1.0
-73.45,-73.45,165.5,165.5,12.805,10.225000000000001,1.0
-73.45,-73.45,165.5,165.5,12.805,10.225000000000001,1.0
-73.45,-73.45,165.5,165.5,12.805,10.225000000000001,1.0
-75.33,-75.33,-110.75,-110.75,1.29,1.29,1.0
-75.33,-75.33,-110.75,-110.75,1.29,1.29,1.0
-75.33,-75.33,-110.75,-110.75,1.29,1.29,1.0
-75.33,-75.33,-110.75,-110.75,1.29,1.29,1.0
-70.0,-70.0,68.5,68.5,113.5,3.5,0.0
-70.0,-70.0,68.5,68.5,113.5,3.5,0.0
-70.0,-70.0,68.5,68.5,113.5,3.5,0.0
-70.0,-70.0,68.5,68.5,113.5,3.5,0.0
-70.0,-70.0,68.5,68.5,113.5,3.5,0.0
-70.0,-70.0,68.5,68.5,113.5,3.5,0.0
-70.0,-70.0,68.5,68.5,113.5,3.5,0.0
-70.0,-70.0,68.5,68.5,113.5,3.5,0.0
-70.0,-70.0,68.5,68.5,113.5,3.5,0.0
-70.0,-70.0,68.5,68.5,113.5,3.5,0.0
-70.0,-70.0,68.5,68.5,113.5,3.5,0.0
-70.0,-70.0,68.5,68.5,113.5,3.5,0.0
-70.0,-70.0,68.5,68.5,113.5,3.5,0.0
-70.0,-70.0,68.5,68.5,113.5,3.5,0.0
-70.0,-70.0,68.5,68.5,113.5,3.5,0.0
-70.0,-70.0,68.5,68.5,113.5,3.5,0.0
-70.0,-70.0,68.5,68.5,113.5,3.5,0.0
-70.0,-70.0,68.5,68.5,113.5,3.5,0.0
-70.0,-70.0,68.5,68.5,113.5,3.5,0.0
-70.0,-70.0,68.5,68.5,113.5,3.5,0.0
-70.0,-70.0,68.5,68.5,113.5,3.5,0.0
-76.3,-76.3,-112.1,-112.1,1.29,1.29,1.0
-76.3,-76.3,-112.1,-112.1,1.29,1.29,1.0
-76.3,-76.3,-112.1,-112.1,1.29,1.29,1.0
-76.3,-76.3,-112.1,-112.1,1.29,1.29,1.0
-76.3,-76.3,-112.1,-112.1,1.29,1.29,1.0
-76.3,-76.3,-112.1,-112.1,1.29,1.29,1.0
-76.3,-76.3,-112.1,-112.1,1.29,1.29,1.0
-76.3,-76.3,-112.1,-112.1,1.29,1.29,1.0
-76.3,-76.3,-112.1,-112.1,1.29,1.29,1.0
-76.3,-76.3,-112.1,-112.1,1.29,1.29,1.0
-76.3,-76.3,-112.1,-112.1,1.29,1.29,1.0
-76.3,-76.3,-112.1,-112.1,1.29,1.29,1.0
-76.3,-76.3,-112.1,-112.1,1.29,1.29,1.0
-76.3,-76.3,-112.1,-112.1,1.29,1.29,1.0
-76.3,-76.3,-112.1,-112.1,1.29,1.29,1.0
-76.3,-76.3,-112.1,-112.1,1.29,1.29,1.0
-76.3,-76.3,-112.1,-112.1,1.29,1.29,1.0
-76.3,-76.3,-112.1,-112.1,1.29,1.29,1.0
-76.3,-76.3,-112.1,-112.1,1.29,1.29,1.0
-76.3,-76.3,-112.1,-112.1,1.29,1.29,1.0
-76.3,-76.3,-112.1,-112.1,1.29,1.29,1.0
-76.3,-76.3,-112.1,-112.1,1.29,1.29,1.0
-76.3,-76.3,-112.1,-112.1,1.29,1.29,1.0
-76.3,-76.3,-112.1,-112.1,1.29,1.29,1.0
-76.3,-76.3,-112.1,-112.1,1.29,1.29,1.0
-76.3,-76.3,-112.1,-112.1,1.29,1.29,1.0
-76.3,-76.3,-112.1,-112.1,1.29,1.29,1.0
-76.3,-76.3,-112.1,-112.1,1.29,1.29,1.0
-76.3,-76.3,-112.1,-112.1,1.29,1.29,1.0
-76.3,-76.3,-112.1,-112.1,1.29,1.29,1.0
-76.3,-76.3,-112.1,-112.1,1.29,1.29,1.0
-78.5475,-78.5475,164.5459,164.5459,12.805,10.225000000000001,1.0
-78.5632,-78.5632,164.39,164.39,12.805,10.225000000000001,1.0
-78.5479,-78.5479,164.5433,164.5433,12.805,10.225000000000001,1.0
-78.5479,-78.5479,164.5362,164.5362,12.805,10.225000000000001,1.0
-78.5491,-78.5491,164.539,164.539,12.805,10.225000000000001,1.0
-73.04,-73.04,167.47,167.47,2.6723500000000002,2.66065,1.0
-73.02,-73.02,167.63,167.63,2.6723500000000002,2.66065,1.0
-72.872,-72.872,168.97,168.97,2.6723500000000002,2.66065,1.0
-72.667,-72.667,169.633,169.633,2.6723500000000002,2.66065,1.0
-72.023,-72.023,170.16,170.16,2.6723500000000002,2.66065,1.0
-71.302,-71.302,170.21,170.21,2.6723500000000002,2.66065,1.0
-71.703,-71.703,170.298,170.298,2.6723500000000002,2.66065,1.0
-71.842,-71.842,170.976,170.976,2.6723500000000002,2.66065,1.0
-71.95,-71.95,171.083,171.083,2.6723500000000002,2.66065,1.0
-71.95,-71.95,171.083,171.083,2.6723500000000002,2.66065,1.0
-71.95,-71.95,171.083,171.083,2.6723500000000002,2.66065,1.0
-71.95,-71.95,171.083,171.083,2.6723500000000002,2.66065,1.0
-71.95,-71.95,171.083,171.083,2.6723500000000002,2.66065,1.0
-71.885,-71.885,171.167,171.167,2.6723500000000002,2.66065,1.0
-71.9,-71.9,171.167,171.167,2.6723500000000002,2.66065,1.0
-69.861,-69.861,171.844,171.844,2.6723500000000002,2.66065,1.0
-70.07,-70.07,172.316,172.316,2.6723500000000002,2.66065,1.0
-70.07,-70.07,172.316,172.316,2.6723500000000002,2.66065,1.0
-71.628,-71.628,172.523,172.523,2.6723500000000002,2.66065,1.0
-71.631,-71.631,172.634,172.634,2.6723500000000002,2.66065,1.0
-72.7010053676,-72.7010053676,165.557141,165.557141,1.29,1.29,1.0
-72.6409416553,-72.6409416553,165.497806,165.497806,1.29,1.29,1.0
-72.651733,-72.651733,165.499221,165.499221,1.29,1.29,1.0
-72.6523298118,-72.6523298118,165.498838,165.498838,1.29,1.29,1.0
-72.652211,-72.652211,165.498334,165.498334,1.29,1.29,1.0
-72.6412114687,-72.6412114687,165.501434,165.501434,1.29,1.29,1.0
-72.651714,-72.651714,165.499241,165.499241,1.29,1.29,1.0
-72.7010053676,-72.7010053676,165.557141,165.557141,1.29,1.29,1.0
-72.6412114687,-72.6412114687,165.501434,165.501434,1.29,1.29,1.0
-72.745404,-72.745404,165.496504,165.496504,1.29,1.29,1.0
-72.73407,-72.73407,165.44599,165.44599,1.29,1.29,1.0
-72.743471,-72.743471,165.482029,165.482029,1.29,1.29,1.0
-72.708186,-72.708186,165.56885,165.56885,1.29,1.29,1.0
-72.745796,-72.745796,165.496157,165.496157,1.29,1.29,1.0
-72.7447765879,-72.7447765879,165.497327,165.497327,1.29,1.29,1.0
-72.744271,-72.744271,165.49506,165.49506,1.29,1.29,1.0
-72.7450395282,-72.7450395282,165.497527,165.497527,1.29,1.29,1.0
-72.690222,-72.690222,165.562379,165.562379,1.29,1.29,1.0
-72.744896,-72.744896,165.497422,165.497422,1.29,1.29,1.0
-72.743537,-72.743537,165.486567,165.486567,1.29,1.29,1.0
-72.748045,-72.748045,165.512892,165.512892,1.29,1.29,1.0
-72.73407,-72.73407,165.44599,165.44599,1.29,1.29,1.0
-72.7565894555,-72.7565894555,165.511175,165.511175,1.29,1.29,1.0
-72.745404,-72.745404,165.496504,165.496504,1.29,1.29,1.0
-72.735199,-72.735199,165.428095,165.428095,1.29,1.29,1.0
-72.735199,-72.735199,165.428095,165.428095,1.29,1.29,1.0
-72.758589,-72.758589,165.452843,165.452843,1.29,1.29,1.0
-72.756338,-72.756338,165.512945,165.512945,1.29,1.29,1.0
-72.6408967283,-72.6408967283,165.498127,165.498127,1.29,1.29,1.0
-72.651794,-72.651794,165.499647,165.499647,1.29,1.29,1.0
-72.652055556,-72.652055556,165.499465,165.499465,1.29,1.29,1.0
-72.690222,-72.690222,165.562379,165.562379,1.29,1.29,1.0
-72.686549,-72.686549,165.608717,165.608717,1.29,1.29,1.0
-72.7013926115,-72.7013926115,165.558153,165.558153,1.29,1.29,1.0
-72.745404,-72.745404,165.496504,165.496504,1.29,1.29,1.0
-72.690222,-72.690222,165.562379,165.562379,1.29,1.29,1.0
-72.6743600518,-72.6743600518,165.49192,165.49192,1.29,1.29,1.0
-72.7008589357,-72.7008589357,165.556823,165.556823,1.29,1.29,1.0
-72.6330119558,-72.6330119558,165.622456,165.622456,1.29,1.29,1.0
-72.6773629524,-72.6773629524,165.639763,165.639763,1.29,1.29,1.0
-72.6769909635,-72.6769909635,165.641865,165.641865,1.29,1.29,1.0
-72.73407,-72.73407,165.44599,165.44599,1.29,1.29,1.0
-72.6743600518,-72.6743600518,165.49192,165.49192,1.29,1.29,1.0
-72.6745889615,-72.6745889615,165.491353,165.491353,1.29,1.29,1.0
-72.708186,-72.708186,165.56885,165.56885,1.29,1.29,1.0
-72.73407,-72.73407,165.44599,165.44599,1.29,1.29,1.0
-72.6330119558,-72.6330119558,165.622456,165.622456,1.29,1.29,1.0
-72.6876033749,-72.6876033749,165.606627,165.606627,1.29,1.29,1.0
-72.686561,-72.686561,165.608711,165.608711,1.29,1.29,1.0
-72.758526,-72.758526,165.450268,165.450268,1.29,1.29,1.0
-72.758615,-72.758615,165.450791,165.450791,1.29,1.29,1.0
-72.700733,-72.700733,165.556922,165.556922,1.29,1.29,1.0
-72.6878371462,-72.6878371462,165.606623,165.606623,1.29,1.29,1.0
-72.6566692069,-72.6566692069,165.568003,165.568003,1.29,1.29,1.0
-72.727103,-72.727103,165.539127,165.539127,1.29,1.29,1.0
-72.727103,-72.727103,165.539127,165.539127,1.29,1.29,1.0
-72.6770833321,-72.6770833321,165.6392,165.6392,1.29,1.29,1.0
-72.727296,-72.727296,165.538508,165.538508,1.29,1.29,1.0
-72.727103,-72.727103,165.539127,165.539127,1.29,1.29,1.0
-72.6772421692,-72.6772421692,165.639498,165.639498,1.29,1.29,1.0
-72.6769909635,-72.6769909635,165.641865,165.641865,1.29,1.29,1.0
-72.689876,-72.689876,165.564903,165.564903,1.29,1.29,1.0
-72.6773207076,-72.6773207076,165.640141,165.640141,1.29,1.29,1.0
-72.640890358,-72.640890358,165.497904,165.497904,1.29,1.29,1.0
-72.73407,-72.73407,165.44599,165.44599,1.29,1.29,1.0
-72.686549,-72.686549,165.608717,165.608717,1.29,1.29,1.0
-72.727103,-72.727103,165.539127,165.539127,1.29,1.29,1.0
-74.41,-74.41,164.51,164.51,33.0,33.0,1.0
-74.41,-74.41,164.51,164.51,33.0,33.0,1.0
-74.41,-74.41,164.51,164.51,33.0,33.0,1.0
-74.41,-74.41,164.51,164.51,33.0,33.0,1.0
-74.41,-74.41,164.51,164.51,33.0,33.0,1.0
-74.41,-74.41,164.51,164.51,33.0,33.0,1.0
-74.41,-74.41,164.51,164.51,33.0,33.0,1.0
-74.41,-74.41,164.51,164.51,33.0,33.0,1.0
-74.41,-74.41,164.51,164.51,33.0,33.0,1.0
-74.41,-74.41,164.51,164.51,33.0,33.0,1.0
-73.41,-73.41,164.68,164.68,33.0,33.0,1.0
-73.41,-73.41,164.68,164.68,33.0,33.0,1.0
-72.51,-72.51,164.68,164.68,33.0,33.0,1.0
-72.51,-72.51,164.68,164.68,33.0,33.0,1.0
-72.51,-72.51,164.68,164.68,33.0,33.0,1.0
-72.51,-72.51,164.68,164.68,33.0,33.0,1.0
-72.51,-72.51,164.68,164.68,33.0,33.0,1.0
-77.1,-77.1,-126.1,-126.1,33.0,33.0,1.0
-77.1,-77.1,-126.1,-126.1,33.0,33.0,1.0
-77.1,-77.1,-126.1,-126.1,33.0,33.0,1.0
-77.1,-77.1,-126.1,-126.1,33.0,33.0,1.0
-76.5,-76.5,-126.0,-126.0,33.0,33.0,1.0
-76.5,-76.5,-126.0,-126.0,33.0,33.0,1.0
-76.5,-76.5,-126.0,-126.0,33.0,33.0,1.0
-76.5,-76.5,-126.0,-126.0,33.0,33.0,1.0
-77.1,-77.1,-126.1,-126.1,33.0,33.0,1.0
-77.1,-77.1,-126.1,-126.1,33.0,33.0,1.0
-77.1,-77.1,-126.1,-126.1,33.0,33.0,1.0
-77.1,-77.1,-126.1,-126.1,33.0,33.0,1.0
-77.1,-77.1,-126.1,-126.1,33.0,33.0,1.0
-77.1,-77.1,-126.1,-126.1,33.0,33.0,1.0
-77.1,-77.1,-126.1,-126.1,33.0,33.0,1.0
-77.1,-77.1,-126.1,-126.1,33.0,33.0,1.0
-77.1,-77.1,-126.1,-126.1,33.0,33.0,1.0
-76.5,-76.5,-126.0,-126.0,33.0,33.0,1.0
-76.5,-76.5,-126.0,-126.0,33.0,33.0,1.0
-76.5,-76.5,-126.0,-126.0,33.0,33.0,1.0
-76.7,-76.7,-117.8,-117.8,33.0,33.0,1.0
-75.17,-75.17,-133.58,-133.58,33.0,33.0,1.0
-75.0,-77.0,-110.0,-135.0,33.0,33.0,1.0
-75.1,-75.1,-133.8,-133.8,33.0,33.0,1.0
-75.0,-75.0,-133.7,-133.7,33.0,33.0,1.0
-76.42,-76.42,-126.0,-126.0,33.0,33.0,1.0
-75.33,-75.33,-110.75,-110.75,33.0,33.0,1.0
-76.7,-76.7,-117.8,-117.8,33.0,33.0,1.0
-75.0,-77.0,-110.0,-135.0,33.0,33.0,1.0
-75.1,-75.1,-133.8,-133.8,33.0,33.0,1.0
-75.0,-75.0,-133.7,-133.7,33.0,33.0,1.0
-76.42,-76.42,-126.0,-126.0,33.0,33.0,1.0
-76.6,-76.6,-117.75,-117.75,2.54,-0.0,0.0
-76.6,-76.6,-117.75,-117.75,2.52,-0.0,0.0
-76.6,-76.6,-117.75,-117.75,3.88,-0.0,0.0
-76.6,-76.6,-117.75,-117.75,1.81,-0.0,0.0
-76.6,-76.6,-117.75,-117.75,0.85,-0.0,0.0
-76.6,-76.6,-117.75,-117.75,1.6,-0.0,0.0
-76.7,-76.7,-117.8,-117.8,7.38,-0.0,0.0
-76.7,-76.7,-117.8,-117.8,6.41,-0.0,0.0
-77.17,-77.17,-126.9,-126.9,0.3,-0.0,0.0
-78.28,-78.28,-112.08,-112.08,0.1,-0.0,0.0
-78.28,-78.28,-112.08,-112.08,0.1,-0.0,0.0
-78.28,-78.28,-112.08,-112.08,0.1,-0.0,0.0
-76.0,-76.0,-135.8,-135.8,33.0,33.0,1.0
-76.0,-76.0,-135.8,-135.8,33.0,33.0,1.0
-76.0,-76.0,-135.8,-135.8,33.0,33.0,1.0
-76.0,-76.0,-135.8,-135.8,33.0,33.0,1.0
-76.0,-76.0,-135.8,-135.8,33.0,33.0,1.0
-76.0,-76.0,-135.8,-135.8,33.0,33.0,1.0
-76.0,-76.0,-135.8,-135.8,33.0,33.0,1.0
-78.28,-78.28,-112.08,-112.08,33.0,33.0,1.0
-78.28,-78.28,-112.08,-112.08,33.0,33.0,1.0
-78.28,-78.28,-112.08,-112.08,33.0,33.0,1.0
-73.4883,-73.4883,169.5767,169.5767,12.805,10.225000000000001,1.0
-73.4883,-73.4883,169.5767,169.5767,12.805,10.225000000000001,1.0
-73.4883,-73.4883,169.5767,169.5767,12.805,10.225000000000001,1.0
-73.4883,-73.4883,169.5767,169.5767,12.805,10.225000000000001,1.0
-73.4883,-73.4883,169.5767,169.5767,12.805,10.225000000000001,1.0
-73.4883,-73.4883,169.5767,169.5767,12.805,10.225000000000001,1.0
-71.0,-71.0,161.0,161.0,12.805,10.225000000000001,1.0
-71.0,-71.0,161.0,161.0,12.805,10.225000000000001,1.0
-71.0,-71.0,161.0,161.0,12.805,10.225000000000001,1.0
-71.0,-71.0,161.0,161.0,12.805,10.225000000000001,1.0
-71.0,-71.0,161.0,161.0,12.805,10.225000000000001,1.0
-71.0,-71.0,163.0,163.0,12.805,10.225000000000001,1.0
-71.0,-71.0,163.0,163.0,12.805,10.225000000000001,1.0
-71.5,-71.5,162.0,162.0,12.805,10.225000000000001,1.0
-71.5,-71.5,162.0,162.0,12.805,10.225000000000001,1.0
-71.5,-71.5,162.0,162.0,12.805,10.225000000000001,1.0
-71.5,-71.5,162.0,162.0,12.805,10.225000000000001,1.0
-71.5,-71.5,163.0,163.0,12.805,10.225000000000001,1.0
-71.5,-71.5,163.0,163.0,12.805,10.225000000000001,1.0
-73.4883,-73.4883,169.5767,169.5767,12.805,10.225000000000001,1.0
-73.4883,-73.4883,169.5767,169.5767,12.805,10.225000000000001,1.0
-71.5,-71.5,162.0,162.0,12.805,10.225000000000001,1.0
-71.5,-71.5,162.0,162.0,12.805,10.225000000000001,1.0
-71.5,-71.5,163.0,163.0,12.805,10.225000000000001,1.0
-70.85,-70.85,67.98,67.98,113.5,3.5,0.0
-70.85,-70.85,67.98,67.98,113.5,3.5,0.0
-70.85,-70.85,67.98,67.98,113.5,3.5,0.0
-70.5,-70.5,68.83,68.83,113.5,3.5,0.0
-70.5,-70.5,68.83,68.83,113.5,3.5,0.0
-70.5,-70.5,68.85,68.85,113.5,3.5,0.0
-70.53,-70.53,68.85,68.85,113.5,3.5,0.0
-70.53,-70.53,68.85,68.85,113.5,3.5,0.0
-76.6,-76.6,-117.75,-117.75,1.6,-0.0,0.0
-76.5,-76.5,-126.0,-126.0,11.4,-0.0,0.0
-76.6,-76.6,-117.75,-117.75,9.0,-0.0,0.0
-75.1,-75.1,-133.6,-133.6,81.81,-0.0,0.0
-75.0,-75.0,-133.7,-133.7,6.3,-0.0,0.0
-75.0,-75.0,-133.7,-133.7,5.46,-0.0,0.0
-75.2167,-75.2167,-133.667,-133.667,9.9,-0.0,0.0
-75.17,-75.17,-133.58,-133.58,4.7,-0.0,0.0
-76.67,-76.67,-118.07,-118.07,9.34,-0.0,0.0
-77.0,-77.0,-117.0,-117.0,2.54,-0.0,0.0
-76.6,-76.6,-117.75,-117.75,1.82,-0.0,0.0
-76.6,-76.6,-117.75,-117.75,0.03,-0.0,0.0
-76.7,-76.7,-117.8,-117.8,6.7,-0.0,0.0
-73.0,-75.0,165.0,170.0,33.0,33.0,1.0
-73.0,-75.0,165.0,170.0,33.0,33.0,1.0
-73.0,-75.0,165.0,170.0,33.0,33.0,1.0
-73.0,-75.0,165.0,170.0,33.0,33.0,1.0
-73.0,-75.0,165.0,170.0,33.0,33.0,1.0
-73.0,-75.0,165.0,170.0,33.0,33.0,1.0
-73.0,-75.0,165.0,170.0,33.0,33.0,1.0
-73.0,-75.0,165.0,170.0,33.0,33.0,1.0
-73.0,-75.0,165.0,170.0,33.0,33.0,1.0
-73.0,-75.0,165.0,170.0,33.0,33.0,1.0
-73.0,-75.0,165.0,170.0,33.0,33.0,1.0
-73.0,-75.0,165.0,170.0,33.0,33.0,1.0
-73.0,-75.0,165.0,170.0,33.0,33.0,1.0
-73.0,-75.0,165.0,170.0,33.0,33.0,1.0
-73.0,-75.0,165.0,170.0,33.0,33.0,1.0
-73.0,-75.0,165.0,170.0,33.0,33.0,1.0
-73.0,-75.0,165.0,170.0,33.0,33.0,1.0
-73.0,-75.0,165.0,170.0,33.0,33.0,1.0
-73.0,-75.0,165.0,170.0,33.0,33.0,1.0
-73.0,-75.0,165.0,170.0,33.0,33.0,1.0
-73.0,-75.0,165.0,170.0,33.0,33.0,1.0
-73.0,-75.0,165.0,170.0,33.0,33.0,1.0
-73.0,-75.0,165.0,170.0,33.0,33.0,1.0
-73.0,-75.0,165.0,170.0,33.0,33.0,1.0
-73.0,-75.0,165.0,170.0,33.0,33.0,1.0
-73.0,-75.0,165.0,170.0,33.0,33.0,1.0
-73.0,-75.0,165.0,170.0,33.0,33.0,1.0
-73.0,-75.0,165.0,170.0,33.0,33.0,1.0
-73.0,-75.0,165.0,170.0,33.0,33.0,1.0
-73.0,-75.0,165.0,170.0,33.0,33.0,1.0
-73.0,-75.0,165.0,170.0,33.0,33.0,1.0
-73.0,-75.0,165.0,170.0,33.0,33.0,1.0
-73.0,-75.0,165.0,170.0,33.0,33.0,1.0
-73.0,-75.0,165.0,170.0,33.0,33.0,1.0
-73.0,-75.0,165.0,170.0,33.0,33.0,1.0
-73.0,-75.0,165.0,170.0,33.0,33.0,1.0
-73.0,-75.0,165.0,170.0,33.0,33.0,1.0
-73.0,-75.0,165.0,170.0,33.0,33.0,1.0
-73.0,-75.0,165.0,170.0,33.0,33.0,1.0
-73.0,-75.0,165.0,170.0,33.0,33.0,1.0
-73.0,-75.0,165.0,170.0,33.0,33.0,1.0
-73.0,-75.0,165.0,170.0,33.0,33.0,1.0
-73.0,-75.0,165.0,170.0,33.0,33.0,1.0
-73.0,-75.0,165.0,170.0,33.0,33.0,1.0
-73.0,-75.0,165.0,170.0,33.0,33.0,1.0
-73.0,-75.0,165.0,170.0,33.0,33.0,1.0
-73.0,-75.0,165.0,170.0,33.0,33.0,1.0
-73.0,-75.0,165.0,170.0,33.0,33.0,1.0
-73.0,-75.0,165.0,170.0,33.0,33.0,1.0
-73.0,-75.0,165.0,170.0,33.0,33.0,1.0
-73.0,-75.0,165.0,170.0,33.0,33.0,1.0
-73.0,-75.0,165.0,170.0,33.0,33.0,1.0
-73.0,-75.0,165.0,170.0,33.0,33.0,1.0
-73.0,-75.0,165.0,170.0,33.0,33.0,1.0
-73.0,-75.0,165.0,170.0,33.0,33.0,1.0
-73.0,-75.0,165.0,170.0,33.0,33.0,1.0
-73.0,-75.0,165.0,170.0,33.0,33.0,1.0
-73.0,-75.0,165.0,170.0,33.0,33.0,1.0
-73.0,-75.0,165.0,170.0,33.0,33.0,1.0
-73.0,-75.0,165.0,170.0,33.0,33.0,1.0
-73.0,-75.0,165.0,170.0,33.0,33.0,1.0
-73.0,-75.0,165.0,170.0,33.0,33.0,1.0
-73.0,-75.0,165.0,170.0,33.0,33.0,1.0
-73.0,-75.0,165.0,170.0,33.0,33.0,1.0
-73.0,-75.0,165.0,170.0,33.0,33.0,1.0
-73.0,-75.0,165.0,170.0,33.0,33.0,1.0
-73.0,-75.0,165.0,170.0,33.0,33.0,1.0
-73.0,-75.0,165.0,170.0,33.0,33.0,1.0
-73.0,-75.0,165.0,170.0,33.0,33.0,1.0
-73.0,-75.0,165.0,170.0,33.0,33.0,1.0
-73.0,-75.0,165.0,170.0,33.0,33.0,1.0
-73.0,-75.0,165.0,170.0,33.0,33.0,1.0
-73.0,-75.0,165.0,170.0,33.0,33.0,1.0
-73.0,-75.0,165.0,170.0,33.0,33.0,1.0
-73.0,-75.0,165.0,170.0,33.0,33.0,1.0
-73.0,-75.0,165.0,170.0,33.0,33.0,1.0
-73.0,-75.0,165.0,170.0,33.0,33.0,1.0
-73.0,-75.0,165.0,170.0,33.0,33.0,1.0
-73.0,-75.0,165.0,170.0,33.0,33.0,1.0
-73.0,-75.0,165.0,170.0,33.0,33.0,1.0
-73.0,-75.0,165.0,170.0,33.0,33.0,1.0
-73.0,-75.0,165.0,170.0,33.0,33.0,1.0
-73.0,-75.0,165.0,170.0,33.0,33.0,1.0
-73.0,-75.0,165.0,170.0,33.0,33.0,1.0
-73.0,-75.0,165.0,170.0,33.0,33.0,1.0
-73.0,-75.0,165.0,170.0,33.0,33.0,1.0
-73.0,-75.0,165.0,170.0,33.0,33.0,1.0
-73.0,-75.0,165.0,170.0,33.0,33.0,1.0
-73.0,-75.0,165.0,170.0,33.0,33.0,1.0
-73.0,-75.0,165.0,170.0,33.0,33.0,1.0
-73.0,-75.0,165.0,170.0,33.0,33.0,1.0
-73.0,-75.0,165.0,170.0,33.0,33.0,1.0
-73.0,-75.0,165.0,170.0,33.0,33.0,1.0
-73.0,-75.0,165.0,170.0,33.0,33.0,1.0
-73.0,-75.0,165.0,170.0,33.0,33.0,1.0
-73.0,-75.0,165.0,170.0,33.0,33.0,1.0
-73.0,-75.0,165.0,170.0,33.0,33.0,1.0
-73.0,-75.0,165.0,170.0,33.0,33.0,1.0
-73.0,-75.0,165.0,170.0,33.0,33.0,1.0
-73.0,-75.0,165.0,170.0,33.0,33.0,1.0
-73.0,-75.0,165.0,170.0,33.0,33.0,1.0
-73.0,-75.0,165.0,170.0,33.0,33.0,1.0
-73.0,-75.0,165.0,170.0,33.0,33.0,1.0
-73.0,-75.0,165.0,170.0,33.0,33.0,1.0
-73.0,-75.0,165.0,170.0,33.0,33.0,1.0
-73.0,-75.0,165.0,170.0,33.0,33.0,1.0
-73.0,-75.0,165.0,170.0,33.0,33.0,1.0
-73.0,-75.0,165.0,170.0,33.0,33.0,1.0
-73.0,-75.0,165.0,170.0,33.0,33.0,1.0
-73.0,-75.0,165.0,170.0,33.0,33.0,1.0
-73.0,-75.0,165.0,170.0,33.0,33.0,1.0
-73.0,-75.0,165.0,170.0,33.0,33.0,1.0
-73.0,-75.0,165.0,170.0,33.0,33.0,1.0
-73.0,-75.0,165.0,170.0,33.0,33.0,1.0
-73.0,-75.0,165.0,170.0,33.0,33.0,1.0
-73.0,-75.0,165.0,170.0,33.0,33.0,1.0
-73.0,-75.0,165.0,170.0,33.0,33.0,1.0
-73.0,-75.0,165.0,170.0,33.0,33.0,1.0
-73.0,-75.0,165.0,170.0,33.0,33.0,1.0
-73.0,-75.0,165.0,170.0,33.0,33.0,1.0
-73.0,-75.0,165.0,170.0,33.0,33.0,1.0
-73.0,-75.0,165.0,170.0,33.0,33.0,1.0
-73.0,-75.0,165.0,170.0,33.0,33.0,1.0
-73.0,-75.0,165.0,170.0,33.0,33.0,1.0
-73.0,-75.0,165.0,170.0,33.0,33.0,1.0
-73.0,-75.0,165.0,170.0,33.0,33.0,1.0
-73.0,-75.0,165.0,170.0,33.0,33.0,1.0
-73.0,-75.0,165.0,170.0,33.0,33.0,1.0
-73.0,-75.0,165.0,170.0,33.0,33.0,1.0
-73.0,-75.0,165.0,170.0,33.0,33.0,1.0
-73.0,-75.0,165.0,170.0,33.0,33.0,1.0
-73.0,-75.0,165.0,170.0,33.0,33.0,1.0
-73.0,-75.0,165.0,170.0,33.0,33.0,1.0
-73.0,-75.0,165.0,170.0,33.0,33.0,1.0
-73.0,-75.0,165.0,170.0,33.0,33.0,1.0
-73.0,-75.0,165.0,170.0,33.0,33.0,1.0
-74.35,-74.35,164.53,164.53,12.805,10.225000000000001,1.0
-74.35,-74.35,164.53,164.53,12.805,10.225000000000001,1.0
-74.4,-74.4,165.0,165.0,12.805,10.225000000000001,1.0
-74.4,-74.4,165.0,165.0,12.805,10.225000000000001,1.0
-74.4,-74.4,164.7,164.7,12.805,10.225000000000001,1.0
-74.4,-74.4,164.7,164.7,12.805,10.225000000000001,1.0
-74.4,-74.4,164.7,164.7,12.805,10.225000000000001,1.0
-74.4,-74.4,164.7,164.7,12.805,10.225000000000001,1.0
-74.4,-74.4,165.0,165.0,12.805,10.225000000000001,1.0
-74.4,-74.4,165.0,165.0,12.805,10.225000000000001,1.0
-74.4,-74.4,165.0,165.0,12.805,10.225000000000001,1.0
-74.6,-74.6,164.6,164.6,12.805,10.225000000000001,1.0
-74.5,-74.5,165.0,165.0,12.805,10.225000000000001,1.0
-74.4,-74.4,164.7,164.7,12.805,10.225000000000001,1.0
-74.4,-74.4,164.7,164.7,12.805,10.225000000000001,1.0
-74.5,-74.5,165.0,165.0,12.805,10.225000000000001,1.0
-74.5,-74.5,165.0,165.0,12.805,10.225000000000001,1.0
-74.5,-74.5,165.0,165.0,12.805,10.225000000000001,1.0
-74.5,-74.5,165.0,165.0,12.805,10.225000000000001,1.0
-74.5,-74.5,165.0,165.0,12.805,10.225000000000001,1.0
-74.4,-74.4,165.0,165.0,12.805,10.225000000000001,1.0
-74.6,-74.6,164.917,164.917,12.805,10.225000000000001,1.0
-74.6,-74.6,164.917,164.917,12.805,10.225000000000001,1.0
-74.6,-74.6,164.917,164.917,12.805,10.225000000000001,1.0
-74.6,-74.6,164.917,164.917,12.805,10.225000000000001,1.0
-74.6,-74.6,164.917,164.917,12.805,10.225000000000001,1.0
-74.4,-74.4,164.7,164.7,12.805,10.225000000000001,1.0
-74.4,-74.4,164.7,164.7,12.805,10.225000000000001,1.0
-74.5,-74.5,165.0,165.0,12.805,10.225000000000001,1.0
-74.5,-74.5,165.0,165.0,12.805,10.225000000000001,1.0
-74.5,-74.5,165.0,165.0,12.805,10.225000000000001,1.0
-74.5,-74.5,165.0,165.0,12.805,10.225000000000001,1.0
-74.5,-74.5,165.0,165.0,12.805,10.225000000000001,1.0
-74.5,-74.5,165.0,165.0,12.805,10.225000000000001,1.0
-74.5,-74.5,165.0,165.0,12.805,10.225000000000001,1.0
-74.5,-74.5,165.0,165.0,12.805,10.225000000000001,1.0
-74.5,-74.5,165.0,165.0,12.805,10.225000000000001,1.0
-74.4,-74.4,164.7,164.7,12.805,10.225000000000001,1.0
-74.4,-74.4,164.7,164.7,12.805,10.225000000000001,1.0
-74.4,-74.4,164.7,164.7,12.805,10.225000000000001,1.0
-74.4,-74.4,164.7,164.7,12.805,10.225000000000001,1.0
-74.4,-74.4,164.7,164.7,12.805,10.225000000000001,1.0
-74.4,-74.4,164.7,164.7,12.805,10.225000000000001,1.0
-74.4,-74.4,164.7,164.7,12.805,10.225000000000001,1.0
-74.4,-74.4,164.7,164.7,12.805,10.225000000000001,1.0
-74.4,-74.4,164.7,164.7,12.805,10.225000000000001,1.0
-74.4,-74.4,164.7,164.7,12.805,10.225000000000001,1.0
-74.4,-74.4,164.7,164.7,12.805,10.225000000000001,1.0
-72.7,-72.7,169.6,169.6,12.805,10.225000000000001,1.0
-72.7,-72.7,169.6,169.6,12.805,10.225000000000001,1.0
-72.7,-72.7,169.6,169.6,12.805,10.225000000000001,1.0
-72.7,-72.7,169.6,169.6,12.805,10.225000000000001,1.0
-72.7,-72.7,169.6,169.6,12.805,10.225000000000001,1.0
-72.7,-72.7,169.6,169.6,12.805,10.225000000000001,1.0
-72.7,-72.7,169.6,169.6,12.805,10.225000000000001,1.0
-72.7,-72.7,169.6,169.6,12.805,10.225000000000001,1.0
-72.7,-72.7,169.6,169.6,12.805,10.225000000000001,1.0
-72.7,-72.7,169.6,169.6,12.805,10.225000000000001,1.0
-73.49,-73.49,169.58,169.58,12.805,10.225000000000001,1.0
-73.49,-73.49,169.58,169.58,12.805,10.225000000000001,1.0
-73.49,-73.49,169.58,169.58,12.805,10.225000000000001,1.0
-73.49,-73.49,169.58,169.58,12.805,10.225000000000001,1.0
-73.49,-73.49,169.58,169.58,12.805,10.225000000000001,1.0
-73.49,-73.49,169.58,169.58,12.805,10.225000000000001,1.0
-76.3,-76.3,-112.1,-112.1,0.02,-0.0,0.0
-76.3,-76.3,-112.1,-112.1,0.023,-0.0,0.0
-76.3,-76.3,-112.1,-112.1,0.026,-0.0,0.0
-76.3,-76.3,-112.1,-112.1,0.028,-0.0,0.0
-76.3,-76.3,-112.1,-112.1,0.0285,-0.0,0.0
-76.3,-76.3,-112.1,-112.1,0.0075,-0.0,0.0
-76.3,-76.3,-112.1,-112.1,0.02,-0.0,0.0
-76.3,-76.3,-112.1,-112.1,0.02,-0.0,0.0
-76.3,-76.3,-112.1,-112.1,0.021,-0.0,0.0
-76.3,-76.3,-112.1,-112.1,0.022,-0.0,0.0
-76.3,-76.3,-112.1,-112.1,0.023,-0.0,0.0
-76.3,-76.3,-112.1,-112.1,0.026,-0.0,0.0
-76.3,-76.3,-112.1,-112.1,0.026,-0.0,0.0
-76.3,-76.3,-112.1,-112.1,0.028,-0.0,0.0
-76.3,-76.3,-112.1,-112.1,0.0285,-0.0,0.0
-76.3,-76.3,-112.1,-112.1,0.028,-0.0,0.0
-76.3,-76.3,-112.1,-112.1,0.0285,-0.0,0.0
-76.3,-76.3,-112.1,-112.1,0.03,-0.0,0.0
-76.3,-76.3,-112.1,-112.1,0.014,-0.0,0.0
-76.3,-76.3,-112.1,-112.1,0.014,-0.0,0.0
-76.3,-76.3,-112.1,-112.1,0.015,-0.0,0.0
-76.3,-76.3,-112.1,-112.1,0.016,-0.0,0.0
-76.3,-76.3,-112.1,-112.1,0.017,-0.0,0.0
-76.3,-76.3,-112.1,-112.1,0.019,-0.0,0.0
-76.3,-76.3,-112.1,-112.1,0.021,-0.0,0.0
-76.3,-76.3,-112.1,-112.1,0.021,-0.0,0.0
-76.3,-76.3,-112.1,-112.1,0.024,-0.0,0.0
-76.3,-76.3,-112.1,-112.1,0.09,0.06,0.0
-76.3,-76.3,-112.1,-112.1,0.09,0.06,0.0
-76.3,-76.3,-112.1,-112.1,0.09,0.06,0.0
-76.3,-76.3,-112.1,-112.1,0.09,0.06,0.0
-76.3,-76.3,-112.1,-112.1,0.09,0.06,0.0
-76.3,-76.3,-112.1,-112.1,0.09,0.06,0.0
-76.3,-76.3,-112.1,-112.1,0.09,0.06,0.0
-76.3,-76.3,-112.1,-112.1,0.09,0.06,0.0
-76.3,-76.3,-112.1,-112.1,0.09,0.06,0.0
-76.3,-76.3,-112.1,-112.1,0.09,0.06,0.0
-76.3,-76.3,-112.1,-112.1,0.09,0.06,0.0
-76.3,-76.3,-112.1,-112.1,0.09,0.06,0.0
-76.3,-76.3,-112.1,-112.1,0.09,0.06,0.0
-76.3,-76.3,-112.1,-112.1,0.09,0.06,0.0
-76.3,-76.3,-112.1,-112.1,0.09,0.06,0.0
-74.55,-74.55,164.5,164.5,12.805,10.225000000000001,1.0
-74.55,-74.55,164.5,164.5,12.805,10.225000000000001,1.0
-74.55,-74.55,164.5,164.5,12.805,10.225000000000001,1.0
-74.55,-74.55,164.5,164.5,12.805,10.225000000000001,1.0
-74.55,-74.55,164.5,164.5,12.805,10.225000000000001,1.0
-74.55,-74.55,164.5,164.5,12.805,10.225000000000001,1.0
-74.5,-74.5,164.2,164.2,12.805,10.225000000000001,1.0
-74.5,-74.5,164.2,164.2,12.805,10.225000000000001,1.0
-74.5,-74.5,165.0,165.0,12.805,10.225000000000001,1.0
-74.5,-74.5,165.0,165.0,12.805,10.225000000000001,1.0
-74.5,-74.5,165.0,165.0,12.805,10.225000000000001,1.0
-74.5,-74.5,165.0,165.0,12.805,10.225000000000001,1.0
-74.5,-74.5,165.0,165.0,12.805,10.225000000000001,1.0
-74.5,-74.5,165.0,165.0,12.805,10.225000000000001,1.0
-74.5,-74.5,165.0,165.0,12.805,10.225000000000001,1.0
-74.5,-74.7,165.5,165.5,12.805,10.225000000000001,1.0
-74.5,-74.7,165.5,165.5,12.805,10.225000000000001,1.0
-74.5,-74.7,165.5,165.5,12.805,10.225000000000001,1.0
-74.5,-74.7,165.5,165.5,12.805,10.225000000000001,1.0
-74.5,-74.7,165.5,165.5,12.805,10.225000000000001,1.0
-74.5,-74.7,165.5,165.5,12.805,10.225000000000001,1.0
-74.5,-74.7,165.5,165.5,12.805,10.225000000000001,1.0
-74.5,-74.7,165.5,165.5,12.805,10.225000000000001,1.0
-74.5,-74.7,165.5,165.5,12.805,10.225000000000001,1.0
-74.5,-74.7,165.5,165.5,12.805,10.225000000000001,1.0
-74.5,-74.7,165.5,165.5,12.805,10.225000000000001,1.0
-74.5,-74.7,165.5,165.5,12.805,10.225000000000001,1.0
-74.5,-74.7,165.5,165.5,12.805,10.225000000000001,1.0
-74.4,-74.4,165.0,165.0,12.805,10.225000000000001,1.0
-74.4,-74.4,165.0,165.0,12.805,10.225000000000001,1.0
-74.4,-74.4,165.0,165.0,12.805,10.225000000000001,1.0
-74.4,-74.4,165.0,165.0,12.805,10.225000000000001,1.0
-74.4,-74.4,165.0,165.0,12.805,10.225000000000001,1.0
-74.4,-74.4,165.0,165.0,12.805,10.225000000000001,1.0
-74.4,-74.4,165.0,165.0,12.805,10.225000000000001,1.0
-74.4,-74.4,165.0,165.0,12.805,10.225000000000001,1.0
-74.4,-74.4,165.0,165.0,12.805,10.225000000000001,1.0
-74.4,-74.4,165.0,165.0,12.805,10.225000000000001,1.0
-74.4,-74.4,165.0,165.0,12.805,10.225000000000001,1.0
-74.4,-74.4,165.0,165.0,12.805,10.225000000000001,1.0
-74.4,-74.4,165.0,165.0,12.805,10.225000000000001,1.0
-74.4,-74.4,165.0,165.0,12.805,10.225000000000001,1.0
-74.4,-74.4,165.0,165.0,12.805,10.225000000000001,1.0
-74.6,-74.6,164.6,164.6,12.805,10.225000000000001,1.0
-74.6,-74.6,164.6,164.6,12.805,10.225000000000001,1.0
-74.6,-74.6,164.6,164.6,12.805,10.225000000000001,1.0
-74.4,-74.4,165.0,165.0,12.805,10.225000000000001,1.0
-74.4,-74.4,165.0,165.0,12.805,10.225000000000001,1.0
-74.4,-74.4,165.0,165.0,12.805,10.225000000000001,1.0
-74.4,-74.4,165.0,165.0,12.805,10.225000000000001,1.0
-74.4,-74.4,165.0,165.0,12.805,10.225000000000001,1.0
-74.4,-74.4,165.0,165.0,12.805,10.225000000000001,1.0
-74.4,-74.4,165.0,165.0,12.805,10.225000000000001,1.0
-74.4,-74.4,165.0,165.0,12.805,10.225000000000001,1.0
-74.4,-74.4,165.0,165.0,12.805,10.225000000000001,1.0
-74.4,-74.4,165.0,165.0,12.805,10.225000000000001,1.0
-74.4,-74.4,165.0,165.0,12.805,10.225000000000001,1.0
-74.4,-74.4,165.0,165.0,12.805,10.225000000000001,1.0
-74.4,-74.4,165.0,165.0,12.805,10.225000000000001,1.0
-74.4,-74.4,165.0,165.0,12.805,10.225000000000001,1.0
-74.4,-74.4,165.0,165.0,12.805,10.225000000000001,1.0
-74.4,-74.4,165.0,165.0,12.805,10.225000000000001,1.0
-74.4,-74.4,165.0,165.0,12.805,10.225000000000001,1.0
-74.4,-74.4,165.0,165.0,12.805,10.225000000000001,1.0
-74.4,-74.4,165.0,165.0,12.805,10.225000000000001,1.0
-74.4,-74.4,164.7,164.7,12.805,10.225000000000001,1.0
-74.4,-74.4,164.7,164.7,12.805,10.225000000000001,1.0
-74.4,-74.4,164.7,164.7,12.805,10.225000000000001,1.0
-74.4,-74.4,164.7,164.7,12.805,10.225000000000001,1.0
-74.4,-74.4,164.7,164.7,12.805,10.225000000000001,1.0
-74.4,-74.4,164.7,164.7,12.805,10.225000000000001,1.0
-74.4,-74.4,164.7,164.7,12.805,10.225000000000001,1.0
-74.4,-74.4,164.7,164.7,12.805,10.225000000000001,1.0
-74.4,-74.4,164.7,164.7,12.805,10.225000000000001,1.0
-74.4,-74.4,164.7,164.7,12.805,10.225000000000001,1.0
-74.4,-74.4,164.7,164.7,12.805,10.225000000000001,1.0
-74.4,-74.4,164.7,164.7,12.805,10.225000000000001,1.0
-74.4,-74.4,164.7,164.7,12.805,10.225000000000001,1.0
-74.4,-74.4,164.7,164.7,12.805,10.225000000000001,1.0
-74.4,-74.4,164.7,164.7,12.805,10.225000000000001,1.0
-74.4,-74.4,164.7,164.7,12.805,10.225000000000001,1.0
-74.4,-74.4,164.7,164.7,12.805,10.225000000000001,1.0
-74.4,-74.4,164.7,164.7,12.805,10.225000000000001,1.0
-74.4,-74.4,164.7,164.7,12.805,10.225000000000001,1.0
-74.4,-74.4,164.7,164.7,12.805,10.225000000000001,1.0
-74.4,-74.4,164.7,164.7,12.805,10.225000000000001,1.0
-74.4,-74.4,164.7,164.7,12.805,10.225000000000001,1.0
-74.4,-74.4,164.7,164.7,12.805,10.225000000000001,1.0
-74.4,-74.4,164.7,164.7,12.805,10.225000000000001,1.0
-74.4,-74.4,164.7,164.7,12.805,10.225000000000001,1.0
-76.5,-76.5,-126.0,-126.0,1200.0,100.0,0.0
-76.5,-76.5,-126.0,-126.0,1200.0,100.0,0.0
-76.5,-76.5,-126.0,-126.0,1200.0,100.0,0.0
-76.5,-76.5,-126.0,-126.0,1200.0,100.0,0.0
-76.5,-76.5,-126.0,-126.0,1200.0,100.0,0.0
-76.5,-76.5,-126.0,-126.0,1200.0,100.0,0.0
-76.5,-76.5,-126.0,-126.0,1200.0,100.0,0.0
-76.5,-76.5,-126.0,-126.0,1200.0,100.0,0.0
-76.5,-76.5,-126.0,-126.0,1200.0,100.0,0.0
-76.5,-76.5,-126.0,-126.0,1200.0,100.0,0.0
-76.5,-76.5,-126.0,-126.0,1200.0,100.0,0.0
-76.5,-76.5,-126.0,-126.0,1200.0,100.0,0.0
-76.7,-76.7,-125.92,-125.92,1200.0,100.0,0.0
-76.7,-76.7,-125.92,-125.92,1200.0,100.0,0.0
-76.7,-76.7,-125.92,-125.92,1200.0,100.0,0.0
-76.7,-76.7,-125.92,-125.92,1200.0,100.0,0.0
-76.7,-76.7,-125.92,-125.92,1200.0,100.0,0.0
-76.08,-76.08,-124.5,-124.5,1200.0,100.0,0.0
-76.08,-76.08,-124.5,-124.5,1200.0,100.0,0.0
-76.08,-76.08,-124.5,-124.5,1200.0,100.0,0.0
-76.08,-76.08,-124.5,-124.5,1200.0,100.0,0.0
-76.08,-76.08,-124.5,-124.5,1200.0,100.0,0.0
-72.25,-72.5,170.0,170.5,33.0,33.0,1.0
-72.25,-72.5,170.0,170.5,33.0,33.0,1.0
-72.25,-72.5,170.0,170.5,33.0,33.0,1.0
-72.25,-72.5,170.0,170.5,33.0,33.0,1.0
-72.25,-72.5,170.0,170.5,33.0,33.0,1.0
-72.25,-72.5,170.0,170.5,33.0,33.0,1.0
-73.49,-73.49,169.58,169.58,33.0,33.0,1.0
-73.49,-73.49,169.58,169.58,33.0,33.0,1.0
-73.49,-73.49,169.58,169.58,33.0,33.0,1.0
-71.0,-71.0,161.0,161.0,15.5,9.5,0.0
-71.0,-71.0,161.0,161.0,15.5,9.5,0.0
-71.0,-71.0,161.0,161.0,15.5,9.5,0.0
-71.0,-71.0,161.0,161.0,15.5,9.5,0.0
-71.0,-71.0,161.0,161.0,15.5,9.5,0.0
-71.0,-71.0,161.0,161.0,15.5,9.5,0.0
-73.0,-73.0,168.07,168.07,15.5,9.5,0.0
-71.0,-71.0,161.0,161.0,15.5,9.5,0.0
-71.0,-71.0,161.0,161.0,15.5,9.5,0.0
-72.7,-72.7,165.5,165.5,12.805,10.225000000000001,1.0
-72.7,-72.7,165.5,165.5,12.805,10.225000000000001,1.0
-72.7,-72.7,165.5,165.5,12.805,10.225000000000001,1.0
-72.7,-72.7,165.5,165.5,12.805,10.225000000000001,1.0
-72.7,-72.7,165.5,165.5,12.805,10.225000000000001,1.0
-72.7,-72.7,165.5,165.5,12.805,10.225000000000001,1.0
-72.7,-72.7,165.5,165.5,12.805,10.225000000000001,1.0
-72.7,-72.7,165.5,165.5,12.805,10.225000000000001,1.0
-72.75,-72.75,164.5233,164.5233,12.805,10.225000000000001,1.0
-72.7,-72.7,165.5,165.5,12.805,10.225000000000001,1.0
-72.7,-72.7,165.5,165.5,12.805,10.225000000000001,1.0
-72.75,-72.75,164.5233,164.5233,12.805,10.225000000000001,1.0
-72.7,-72.7,165.5,165.5,12.805,10.225000000000001,1.0
-72.7,-72.7,165.5,165.5,12.805,10.225000000000001,1.0
-72.1683,-72.1683,164.59,164.59,7.5,0.5,0.0
-72.1683,-72.1683,164.59,164.59,7.5,0.5,0.0
-72.1683,-72.1683,164.59,164.59,7.5,0.5,0.0
-72.1683,-72.1683,164.59,164.59,7.5,0.5,0.0
-72.1683,-72.1683,164.59,164.59,7.5,0.5,0.0
-73.65,-73.65,163.67,163.67,33.0,33.0,1.0
-73.65,-73.65,163.67,163.67,33.0,33.0,1.0
-73.65,-73.65,163.67,163.67,33.0,33.0,1.0
-73.65,-73.65,163.67,163.67,33.0,33.0,1.0
-73.65,-73.65,163.67,163.67,33.0,33.0,1.0
-73.65,-73.65,163.67,163.67,33.0,33.0,1.0
-73.65,-73.65,163.67,163.67,33.0,33.0,1.0
-73.65,-73.65,163.67,163.67,33.0,33.0,1.0
-73.65,-73.65,163.67,163.67,33.0,33.0,1.0
-73.65,-73.65,163.67,163.67,33.0,33.0,1.0
-73.65,-73.65,163.67,163.67,33.0,33.0,1.0
-74.4,-74.4,164.7,164.7,12.805,10.225000000000001,1.0
-74.35,-74.35,164.53,164.53,12.805,10.225000000000001,1.0
-74.55,-74.55,164.5,164.5,12.805,10.225000000000001,1.0
-74.4,-74.4,164.7,164.7,12.805,10.225000000000001,1.0
-74.4,-74.4,164.7,164.7,12.805,10.225000000000001,1.0
-74.4,-74.4,165.0,165.0,12.805,10.225000000000001,1.0
-74.4,-74.4,164.7,164.7,12.805,10.225000000000001,1.0
-74.4,-74.4,164.7,164.7,12.805,10.225000000000001,1.0
-74.4,-74.4,164.7,164.7,12.805,10.225000000000001,1.0
-73.0,-73.0,164.0,164.0,33.0,33.0,1.0
-73.0,-73.0,164.0,164.0,33.0,33.0,1.0
-73.0,-73.0,164.0,164.0,33.0,33.0,1.0
-73.0,-73.0,164.0,164.0,33.0,33.0,1.0
-76.1167,-76.1167,168.35,168.35,12.805,10.225000000000001,1.0
-76.1167,-76.1167,168.35,168.35,12.805,10.225000000000001,1.0
-76.1167,-76.1167,168.35,168.35,12.805,10.225000000000001,1.0
-78.0,-78.25,167.0,167.5,8.0,3.0,0.0
-78.0,-78.25,166.0,166.5,8.0,3.0,0.0
-78.0,-78.25,165.0,165.5,8.0,3.0,0.0
-78.0,-78.25,165.0,165.5,8.0,3.0,0.0
-78.0,-78.25,165.0,165.5,8.0,3.0,0.0
-78.0,-78.25,166.0,166.5,8.0,3.0,0.0
-78.42,-78.7,165.5,167.25,9.0,2.0,0.0
-78.42,-78.7,165.5,167.25,9.0,2.0,0.0
-78.42,-78.7,165.5,167.25,9.0,2.0,0.0
-78.42,-78.7,165.5,167.25,9.0,2.0,0.0
-78.42,-78.7,165.5,167.25,9.0,2.0,0.0
-78.2,-78.42,164.67,165.67,12.805,10.225000000000001,1.0
-78.2,-78.42,164.67,165.67,12.805,10.225000000000001,1.0
-78.2,-78.42,164.67,165.67,12.805,10.225000000000001,1.0
-78.2,-78.42,164.67,165.67,12.805,10.225000000000001,1.0
-78.2,-78.42,164.67,165.67,12.805,10.225000000000001,1.0
-78.33,-78.53,163.25,164.5,12.805,10.225000000000001,1.0
-78.33,-78.53,163.25,164.5,12.805,10.225000000000001,1.0
-78.33,-78.53,163.25,164.5,12.805,10.225000000000001,1.0
-78.33,-78.53,163.25,164.5,12.805,10.225000000000001,1.0
-78.33,-78.53,163.25,164.5,12.805,10.225000000000001,1.0
-78.33,-78.53,163.25,164.5,12.805,10.225000000000001,1.0
-78.33,-78.53,163.25,164.5,12.805,10.225000000000001,1.0
-78.33,-78.53,163.25,164.5,12.805,10.225000000000001,1.0
-78.33,-78.53,163.25,164.5,12.805,10.225000000000001,1.0
-78.53,-78.63,164.12,164.63,9.5,3.5,0.0
-78.53,-78.63,164.12,164.63,9.5,3.5,0.0
-78.53,-78.63,164.12,164.63,9.5,3.5,0.0
-78.53,-78.63,164.12,164.63,9.5,3.5,0.0
-78.53,-78.63,164.12,164.63,9.5,3.5,0.0
-78.53,-78.63,164.12,164.63,9.5,3.5,0.0
-78.07,-78.43,162.58,164.33,12.805,10.225000000000001,1.0
-78.07,-78.43,162.58,164.33,12.805,10.225000000000001,1.0
-78.07,-78.43,162.58,164.33,12.805,10.225000000000001,1.0
-78.07,-78.43,162.58,164.33,12.805,10.225000000000001,1.0
-78.07,-78.43,162.58,164.33,12.805,10.225000000000001,1.0
-77.47,-77.8,162.12,162.72,12.805,10.225000000000001,1.0
-77.47,-77.8,162.12,162.72,12.805,10.225000000000001,1.0
-77.47,-77.8,162.12,162.72,12.805,10.225000000000001,1.0
-77.47,-77.8,162.12,162.72,12.805,10.225000000000001,1.0
-75.33,-75.33,-110.75,-110.75,14.1815,8.848500000000001,1.0
-75.33,-75.33,-110.75,-110.75,14.1815,8.848500000000001,1.0
-75.33,-75.33,-110.75,-110.75,14.1815,8.848500000000001,1.0
-75.33,-75.33,-110.75,-110.75,14.1815,8.848500000000001,1.0
-75.33,-75.33,-110.75,-110.75,14.1815,8.848500000000001,1.0
-76.3,-76.3,-112.1,-112.1,12.805,10.225000000000001,1.0
-76.3,-76.3,-112.1,-112.1,12.805,10.225000000000001,1.0
-76.3,-76.3,-112.1,-112.1,12.805,10.225000000000001,1.0
-76.3,-76.3,-112.1,-112.1,12.805,10.225000000000001,1.0
-75.7997,-75.7997,-115.7998,-115.7998,1.29585,1.2841500000000001,1.0
-75.7997,-75.7997,-115.7998,-115.7998,1.29585,1.2841500000000001,1.0
-75.7997,-75.7997,-115.7998,-115.7998,1.29585,1.2841500000000001,1.0
-76.7,-76.7,-117.8,-117.8,12.805,10.225000000000001,1.0
-76.6,-76.6,-117.75,-117.75,12.805,10.225000000000001,1.0
-76.6,-76.6,-117.75,-117.75,12.805,10.225000000000001,1.0
-76.7,-76.7,-117.8,-117.8,12.805,10.225000000000001,1.0
-73.5,-73.5,-127.0,-127.0,12.805,10.225000000000001,1.0
-73.5,-73.5,-127.0,-127.0,12.805,10.225000000000001,1.0
-76.42,-76.42,-126.0,-126.0,14.1815,8.848500000000001,1.0
-76.42,-76.42,-126.0,-126.0,14.1815,8.848500000000001,1.0
-76.42,-76.42,-126.0,-126.0,14.1815,8.848500000000001,1.0
-76.5,-76.5,-126.0,-126.0,14.1815,8.848500000000001,1.0
-76.5,-76.5,-126.0,-126.0,14.1815,8.848500000000001,1.0
-76.5,-76.5,-126.0,-126.0,14.1815,8.848500000000001,1.0
-76.5,-76.5,-126.0,-126.0,14.1815,8.848500000000001,1.0
-76.5,-76.5,-126.0,-126.0,14.1815,8.848500000000001,1.0
-76.7,-76.7,-125.92,-125.92,14.1815,8.848500000000001,1.0
-76.7,-76.7,-125.92,-125.92,14.1815,8.848500000000001,1.0
-76.7,-76.7,-125.92,-125.92,14.1815,8.848500000000001,1.0
-76.7,-76.7,-125.92,-125.92,14.1815,8.848500000000001,1.0
-76.83,-76.83,-125.0,-125.0,14.1815,8.848500000000001,1.0
-76.83,-76.83,-125.0,-125.0,14.1815,8.848500000000001,1.0
-76.83,-76.83,-125.0,-125.0,14.1815,8.848500000000001,1.0
-76.83,-76.83,-125.0,-125.0,14.1815,8.848500000000001,1.0
-76.83,-76.83,-125.0,-125.0,14.1815,8.848500000000001,1.0
-76.83,-76.83,-125.0,-125.0,14.1815,8.848500000000001,1.0
-76.83,-76.83,-125.0,-125.0,14.1815,8.848500000000001,1.0
-76.83,-76.83,-125.0,-125.0,14.1815,8.848500000000001,1.0
-77.1,-77.1,-126.1,-126.1,3.9565,1.3765,1.0
-77.1,-77.1,-126.1,-126.1,3.9565,1.3765,1.0
-77.1,-77.1,-126.1,-126.1,3.9565,1.3765,1.0
-77.1,-77.1,-126.1,-126.1,3.9565,1.3765,1.0
-77.1,-77.1,-126.1,-126.1,3.9565,1.3765,1.0
-77.17,-77.17,-126.9,-126.9,12.805,10.225000000000001,1.0
-77.17,-77.17,-126.9,-126.9,12.805,10.225000000000001,1.0
-77.17,-77.17,-126.9,-126.9,12.805,10.225000000000001,1.0
-77.17,-77.17,-126.9,-126.9,12.805,10.225000000000001,1.0
-77.17,-77.17,-126.9,-126.9,12.805,10.225000000000001,1.0
-77.17,-77.17,-126.9,-126.9,12.805,10.225000000000001,1.0
-77.17,-77.17,-126.9,-126.9,12.805,10.225000000000001,1.0
-77.17,-77.17,-126.9,-126.9,12.805,10.225000000000001,1.0
-75.67,-75.67,-129.0,-129.0,14.1815,8.848500000000001,1.0
-75.75,-75.75,-129.0,-129.0,14.1815,8.848500000000001,1.0
-75.8,-75.8,-132.3,-132.3,14.1815,8.848500000000001,1.0
-75.8,-75.8,-132.3,-132.3,14.1815,8.848500000000001,1.0
-75.8,-75.8,-132.3,-132.3,14.1815,8.848500000000001,1.0
-75.8,-75.8,-132.3,-132.3,14.1815,8.848500000000001,1.0
-75.8,-75.8,-132.3,-132.3,14.1815,8.848500000000001,1.0
-76.0,-76.0,-135.8,-135.8,12.805,10.225000000000001,1.0
-75.25,-75.25,-110.0,-111.0,44.515,21.485,1.0
-75.25,-75.25,-110.0,-111.0,44.515,21.485,1.0
-75.25,-75.25,-110.0,-111.0,14.1815,8.848500000000001,1.0
-75.25,-75.25,-110.0,-111.0,14.1815,8.848500000000001,1.0
-75.25,-75.25,-110.0,-111.0,14.1815,8.848500000000001,1.0
-75.25,-75.25,-110.0,-111.0,14.1815,8.848500000000001,1.0
-75.25,-75.25,-110.0,-111.0,33.0,33.0,1.0
-75.87,-75.87,-128.67,-128.67,12.805,10.225000000000001,1.0
-75.87,-75.87,-128.67,-128.67,12.805,10.225000000000001,1.0
-76.08,-76.08,-124.5,-124.5,19.4,-0.0,0.0
-76.08,-76.08,-124.5,-124.5,28.2,-0.0,0.0
-75.0,-75.0,-133.0,-135.0,12.805,10.225000000000001,1.0
-75.0,-75.0,-133.0,-135.0,12.805,10.225000000000001,1.0
-75.0,-75.0,-133.0,-135.0,12.805,10.225000000000001,1.0
-75.0,-75.0,-133.67,-133.67,12.805,10.225000000000001,1.0
-74.0,-74.5,-132.0,-133.0,12.805,10.225000000000001,1.0
-74.0,-74.5,-132.0,-133.0,12.805,10.225000000000001,1.0
-74.75,-74.75,-140.67,-140.67,12.805,10.225000000000001,1.0
-76.5,-76.5,-145.0,-145.0,3.9565,1.3765,1.0
-76.5,-76.5,-145.0,-145.0,3.9565,1.3765,1.0
-73.32,-73.32,-78.88,-78.88,33.0,33.0,1.0
-73.63,-73.63,-76.67,-76.67,33.0,33.0,1.0
-73.63,-73.63,-76.67,-76.67,33.0,33.0,1.0
-73.63,-73.63,-76.67,-76.67,33.0,33.0,1.0
-73.63,-73.63,-76.67,-76.67,33.0,33.0,1.0
-73.5,-73.67,-94.17,-95.17,14.1815,8.848500000000001,1.0
-73.5,-73.67,-94.17,-95.17,14.1815,8.848500000000001,1.0
-73.5,-73.67,-94.17,-95.17,14.1815,8.848500000000001,1.0
-73.5,-73.67,-94.17,-95.17,14.1815,8.848500000000001,1.0
-73.75,-74.92,-98.33,-100.5,12.805,10.225000000000001,1.0
-73.75,-74.92,-98.33,-100.5,12.805,10.225000000000001,1.0
-73.75,-74.92,-98.33,-100.5,12.805,10.225000000000001,1.0
-73.75,-74.92,-98.33,-100.5,12.805,10.225000000000001,1.0
-75.13,-75.13,-72.6,-72.6,33.0,33.0,1.0
-75.13,-75.13,-72.2,-72.2,14.1815,8.848500000000001,1.0
-75.13,-75.13,-72.2,-72.2,14.1815,8.848500000000001,1.0
-75.13,-75.13,-72.2,-72.2,14.1815,8.848500000000001,1.0
-72.0,-73.0,167.0,169.0,33.0,33.0,1.0
-72.0,-73.0,167.0,169.0,33.0,33.0,1.0
-72.0,-73.0,167.0,169.0,33.0,33.0,1.0
-72.0,-73.0,167.0,169.0,33.0,33.0,1.0
-72.0,-73.0,167.0,169.0,33.0,33.0,1.0
-72.0,-73.0,167.0,169.0,33.0,33.0,1.0
-72.0,-73.0,167.0,169.0,33.0,33.0,1.0
-73.0,-73.0,168.07,168.07,33.0,33.0,1.0
-73.15,-73.15,167.15,167.15,33.0,33.0,1.0
-72.0,-73.0,167.0,169.0,33.0,33.0,1.0
-73.08,-73.08,168.22,168.22,33.0,33.0,1.0
-72.0,-73.0,167.0,169.0,33.0,33.0,1.0
-72.0,-73.0,167.0,169.0,33.0,33.0,1.0
-72.0,-73.0,167.0,169.0,33.0,33.0,1.0
-72.0,-73.0,167.0,169.0,33.0,33.0,1.0
-72.0,-73.0,167.0,169.0,33.0,33.0,1.0
-72.0,-73.0,167.0,169.0,33.0,33.0,1.0
-72.0,-73.0,167.0,169.0,33.0,33.0,1.0
-72.0,-73.0,167.0,169.0,33.0,33.0,1.0
-72.0,-73.0,167.0,169.0,33.0,33.0,1.0
-72.0,-73.0,167.0,169.0,33.0,33.0,1.0
-72.0,-73.0,167.0,169.0,33.0,33.0,1.0
-72.0,-73.0,167.0,169.0,33.0,33.0,1.0
-72.0,-73.0,167.0,169.0,33.0,33.0,1.0
-72.0,-73.0,167.0,169.0,33.0,33.0,1.0
-72.0,-73.0,167.0,169.0,33.0,33.0,1.0
-72.0,-73.0,167.0,169.0,33.0,33.0,1.0
-72.0,-73.0,167.0,169.0,33.0,33.0,1.0
-72.0,-73.0,167.0,169.0,33.0,33.0,1.0
-72.0,-73.0,167.0,169.0,33.0,33.0,1.0
-72.0,-73.0,167.0,169.0,33.0,33.0,1.0
-72.0,-73.0,167.0,169.0,33.0,33.0,1.0
-72.0,-73.0,167.0,169.0,33.0,33.0,1.0
-72.0,-73.0,167.0,169.0,33.0,33.0,1.0
-72.0,-73.0,167.0,169.0,33.0,33.0,1.0
-72.0,-73.0,167.0,169.0,33.0,33.0,1.0
-73.08,-73.08,168.13,168.13,33.0,33.0,1.0
-73.27,-73.27,167.2,167.2,33.0,33.0,1.0
-73.27,-73.27,167.17,167.17,33.0,33.0,1.0
-73.27,-73.27,167.13,167.13,33.0,33.0,1.0
-73.28,-73.28,167.23,167.23,33.0,33.0,1.0
-73.28,-73.28,167.23,167.23,33.0,33.0,1.0
-73.28,-73.28,167.23,167.23,33.0,33.0,1.0
-73.28,-73.28,167.23,167.23,33.0,33.0,1.0
-72.9,-72.9,168.78,168.78,33.0,33.0,1.0
-73.62,-73.62,169.83,169.83,33.0,33.0,1.0
-73.62,-73.62,169.83,169.83,33.0,33.0,1.0
-73.62,-73.62,169.83,169.83,33.0,33.0,1.0
-73.62,-73.62,169.83,169.83,33.0,33.0,1.0
-73.62,-73.62,169.83,169.83,33.0,33.0,1.0
-73.62,-73.62,169.83,169.83,33.0,33.0,1.0
-73.62,-73.62,169.83,169.83,33.0,33.0,1.0
-73.62,-73.62,169.83,169.83,33.0,33.0,1.0
-73.62,-73.62,169.83,169.83,33.0,33.0,1.0
-73.15,-73.15,169.07,169.07,33.0,33.0,1.0
-73.15,-73.15,169.07,169.07,33.0,33.0,1.0
-73.15,-73.15,169.07,169.07,33.0,33.0,1.0
-72.0,-73.0,167.0,169.0,33.0,33.0,1.0
-72.0,-73.0,167.0,169.0,33.0,33.0,1.0
-72.0,-73.0,167.0,169.0,33.0,33.0,1.0
-72.0,-73.0,167.0,169.0,33.0,33.0,1.0
-72.0,-73.0,167.0,169.0,33.0,33.0,1.0
-72.0,-73.0,167.0,169.0,33.0,33.0,1.0
-72.0,-73.0,167.0,169.0,33.0,33.0,1.0
-72.0,-73.0,167.0,169.0,33.0,33.0,1.0
-72.0,-73.0,167.0,169.0,33.0,33.0,1.0
-73.3,-73.3,167.0,167.0,33.0,33.0,1.0
-73.3,-73.3,167.0,167.0,33.0,33.0,1.0
-73.3,-73.3,167.0,167.0,33.0,33.0,1.0
-73.3,-73.3,167.0,167.0,33.0,33.0,1.0
-73.3,-73.3,167.0,167.0,33.0,33.0,1.0
-71.5,-71.5,162.0,162.0,33.0,33.0,1.0
-71.5,-71.5,162.0,162.0,33.0,33.0,1.0
-71.5,-71.5,162.0,162.0,33.0,33.0,1.0
-71.5,-71.5,162.0,162.0,33.0,33.0,1.0
-71.5,-71.5,162.0,162.0,33.0,33.0,1.0
-75.33,-75.33,-133.67,-133.67,7.0,4.699999999999999,0.0
-75.33,-75.33,-133.67,-133.67,7.0,4.699999999999999,0.0
-75.33,-75.33,-133.67,-133.67,7.0,4.699999999999999,0.0
-75.33,-75.33,-133.67,-133.67,7.0,4.699999999999999,0.0
-75.33,-75.33,-133.67,-133.67,7.0,4.699999999999999,0.0
-75.33,-75.33,-133.67,-133.67,7.0,4.699999999999999,0.0
-75.0,-75.0,-133.0,-135.0,7.0,4.699999999999999,0.0
-75.0,-75.0,-133.0,-135.0,7.0,4.699999999999999,0.0
-75.33,-75.33,-110.75,-110.75,0.9,-0.0,0.0
-75.33,-75.33,-110.75,-110.75,14.1815,8.848500000000001,1.0
-75.33,-75.33,-133.67,-133.67,3.19,-0.0,0.0
-75.33,-75.33,-133.67,-133.67,7.0,4.699999999999999,0.0
-76.7,-76.7,-125.92,-125.92,3.0,-0.0,0.0
-75.67,-75.67,-129.0,-129.0,0.6,-0.0,0.0
-75.87,-75.87,-128.67,-128.67,9.4,-0.0,0.0
-76.0,-76.0,-135.8,-135.8,0.09,0.06,0.0
-76.0,-76.0,-135.8,-135.8,0.09,0.06,0.0
-76.0,-76.0,-135.8,-135.8,1.29,1.29,1.0
-76.0,-76.0,-135.8,-135.8,5.7,-0.0,0.0
-75.95,-75.95,-136.0,-136.0,2.7,-0.0,0.0
-73.5,-73.5,-127.0,-127.0,0.05,-0.0,0.0
-73.5,-73.5,-127.0,-127.0,1.29,1.29,1.0
-75.8,-75.8,-132.3,-132.3,1.29,1.29,1.0
-75.8,-75.8,-132.3,-132.3,10.0,-0.0,0.0
-75.8,-75.8,-132.3,-132.3,14.7,-0.0,0.0
-75.8,-75.8,-132.3,-132.3,12.7,-0.0,0.0
-75.8,-75.8,-132.3,-132.3,12.7,-0.0,0.0
-75.8,-75.8,-132.3,-132.3,10.5,-0.0,0.0
-75.8,-75.8,-132.3,-132.3,10.5,-0.0,0.0
-75.8,-75.8,-132.3,-132.3,12.7,-0.0,0.0
-75.8,-75.8,-132.3,-132.3,11.3,-0.0,0.0
-75.8,-75.8,-132.3,-132.3,11.3,-0.0,0.0
-75.8,-75.8,-132.3,-132.3,11.1,-0.0,0.0
-75.8,-75.8,-132.3,-132.3,11.3,-0.0,0.0
-75.75,-75.75,-132.5,-132.5,8.66,-0.0,0.0
-75.75,-75.75,-132.5,-132.5,10.3,-0.0,0.0
-75.75,-75.75,-132.5,-132.5,10.3,-0.0,0.0
-75.75,-75.75,-132.5,-132.5,8.5,-0.0,0.0
-75.75,-75.75,-132.5,-132.5,8.5,-0.0,0.0
-75.75,-75.75,-132.5,-132.5,8.5,-0.0,0.0
-75.75,-75.75,-132.5,-132.5,7.6,-0.0,0.0
-75.75,-75.75,-132.5,-132.5,7.6,-0.0,0.0
-76.0,-76.0,-135.8,-135.8,0.63,-0.0,0.0
-76.0,-76.0,-135.8,-135.8,2.58,-0.0,0.0
-76.0,-76.0,-135.8,-135.8,2.58,-0.0,0.0
-76.0,-76.0,-135.8,-135.8,2.58,-0.0,0.0
-76.0,-76.0,-135.8,-135.8,2.7,-0.0,0.0
-76.0,-76.0,-135.8,-135.8,0.62,-0.0,0.0
-76.0,-76.0,-135.8,-135.8,0.62,-0.0,0.0
-76.0,-76.0,-135.8,-135.8,0.62,-0.0,0.0
-76.0,-76.0,-133.0,-133.0,9.31,-0.0,0.0
-76.0,-76.0,-133.0,-133.0,9.31,-0.0,0.0
-76.0,-76.0,-133.0,-133.0,9.65,-0.0,0.0
-76.0,-76.0,-133.0,-133.0,8.54,-0.0,0.0
-76.0,-76.0,-133.0,-133.0,6.04,-0.0,0.0
-76.0,-76.0,-133.0,-133.0,10.4,-0.0,0.0
-71.0,-71.0,-69.0,-69.0,145.0,5.0,0.0
-71.0,-71.0,-69.0,-69.0,145.0,5.0,0.0
-71.0,-71.0,-69.0,-69.0,320.0,-0.0,0.0
-71.0,-71.0,-69.0,-69.0,320.0,-0.0,0.0
-71.0,-71.0,-69.0,-69.0,320.0,-0.0,0.0
-71.0,-71.0,-69.0,-69.0,320.0,-0.0,0.0
-71.0,-71.0,-69.0,-69.0,320.0,-0.0,0.0
-71.0,-71.0,-69.0,-69.0,320.0,-0.0,0.0
-71.0,-71.0,-69.0,-69.0,320.0,-0.0,0.0
-71.0,-71.0,-69.0,-69.0,320.0,-0.0,0.0
-71.0,-71.0,-69.0,-69.0,320.0,-0.0,0.0
-71.0,-71.0,-69.0,-69.0,320.0,-0.0,0.0
-71.0,-71.0,-69.0,-69.0,320.0,-0.0,0.0
-71.0,-71.0,-69.0,-69.0,320.0,-0.0,0.0
-74.3148,-74.3148,165.0215,165.0215,1.29585,1.2841500000000001,1.0
-74.3349,-74.3349,165.1357,165.1357,1.29585,1.2841500000000001,1.0
-74.5511,-74.5511,164.5067,164.5067,1.29585,1.2841500000000001,1.0
-74.0406,-74.0406,164.7878,164.7878,1.29585,1.2841500000000001,1.0
-74.0639,-74.0639,164.0683,164.0683,1.29585,1.2841500000000001,1.0
-74.4284,-74.4284,164.7379,164.7379,1.29585,1.2841500000000001,1.0
-74.4284,-74.4284,164.7379,164.7379,1.29585,1.2841500000000001,1.0
-74.3515,-74.3515,164.3661,164.3661,1.29585,1.2841500000000001,1.0
-74.3388,-74.3388,164.5718,164.5718,1.29585,1.2841500000000001,1.0
-74.3418,-74.3418,164.6875,164.6875,1.29585,1.2841500000000001,1.0
-74.3418,-74.3418,164.6875,164.6875,1.29585,1.2841500000000001,1.0
-74.3418,-74.3418,164.6875,164.6875,1.29585,1.2841500000000001,1.0
-74.3418,-74.3418,164.6875,164.6875,1.29585,1.2841500000000001,1.0
-74.3418,-74.3418,164.6875,164.6875,1.29585,1.2841500000000001,1.0
-74.3523,-74.3523,164.7237,164.7237,1.29585,1.2841500000000001,1.0
-74.3523,-74.3523,164.7237,164.7237,1.29585,1.2841500000000001,1.0
-74.2238,-74.2238,164.858,164.858,1.29585,1.2841500000000001,1.0
-74.3317,-74.3317,165.1438,165.1438,1.29585,1.2841500000000001,1.0
-74.3349,-74.3349,165.1357,165.1357,1.29585,1.2841500000000001,1.0
-74.3317,-74.3317,165.1438,165.1438,1.29585,1.2841500000000001,1.0
-74.3179,-74.3179,164.9599,164.9599,1.29585,1.2841500000000001,1.0
-74.3312,-74.3312,164.0907,164.0907,1.29585,1.2841500000000001,1.0
-74.3237,-74.3237,164.1088,164.1088,1.29585,1.2841500000000001,1.0
-74.72,-74.72,163.99,163.99,1.29585,1.2841500000000001,1.0
-74.5511,-74.5511,164.5068,164.5068,1.29585,1.2841500000000001,1.0
-74.5891,-74.5891,164.902,164.902,1.29585,1.2841500000000001,1.0
-74.557,-74.557,164.9011,164.9011,1.29585,1.2841500000000001,1.0
-74.2377,-74.2377,164.7221,164.7221,1.29585,1.2841500000000001,1.0
-74.2377,-74.2377,164.7221,164.7221,1.29585,1.2841500000000001,1.0
-74.1405,-74.1405,164.3995,164.3995,1.29585,1.2841500000000001,1.0
-74.1074,-74.1074,164.7555,164.7555,1.29585,1.2841500000000001,1.0
-73.0,-75.0,165.0,170.0,33.0,33.0,1.0
-73.0,-75.0,165.0,170.0,33.0,33.0,1.0
-73.0,-75.0,165.0,170.0,33.0,33.0,1.0
-77.7,-77.7,165.2,165.2,14.1815,8.848500000000001,1.0
-77.7,-77.7,165.2,165.2,14.1815,8.848500000000001,1.0
-77.7,-77.7,165.2,165.2,14.1815,8.848500000000001,1.0
-77.7,-77.7,165.2,165.2,14.1815,8.848500000000001,1.0
-77.7,-77.7,165.2,165.2,14.1815,8.848500000000001,1.0
-77.7,-77.7,165.2,165.2,14.1815,8.848500000000001,1.0
-77.7,-77.7,165.2,165.2,14.1815,8.848500000000001,1.0
-77.7,-77.7,165.2,165.2,14.1815,8.848500000000001,1.0
-77.7,-77.7,165.2,165.2,14.1815,8.848500000000001,1.0
-77.7,-77.7,165.2,165.2,14.1815,8.848500000000001,1.0
-77.7,-77.7,165.2,165.2,14.1815,8.848500000000001,1.0
-77.7,-77.7,165.2,165.2,14.1815,8.848500000000001,1.0
-77.7,-77.7,165.2,165.2,14.1815,8.848500000000001,1.0
-77.7,-77.7,165.2,165.2,14.1815,8.848500000000001,1.0
-77.7,-77.7,165.2,165.2,14.1815,8.848500000000001,1.0
-77.7,-77.7,165.2,165.2,14.1815,8.848500000000001,1.0
-77.7,-77.7,165.2,165.2,14.1815,8.848500000000001,1.0
-77.7,-77.7,165.2,165.2,14.1815,8.848500000000001,1.0
-77.7,-77.7,165.2,165.2,14.1815,8.848500000000001,1.0
-77.7,-77.7,165.2,165.2,14.1815,8.848500000000001,1.0
-77.7,-77.7,165.2,165.2,14.1815,8.848500000000001,1.0
-77.7,-77.7,165.2,165.2,14.1815,8.848500000000001,1.0
-77.7,-77.7,165.2,165.2,14.1815,8.848500000000001,1.0
-77.7,-77.7,165.2,165.2,14.1815,8.848500000000001,1.0
-74.55,-74.55,164.5,164.5,12.805,10.225000000000001,1.0
-74.55,-74.55,164.5,164.5,12.805,10.225000000000001,1.0
-74.6,-74.6,164.6,164.6,12.805,10.225000000000001,1.0
-74.6,-74.6,164.6,164.6,12.805,10.225000000000001,1.0
-74.6,-74.6,164.6,164.6,12.805,10.225000000000001,1.0
-74.5,-74.5,165.0,165.0,12.805,10.225000000000001,1.0
-74.6,-74.6,164.917,164.917,12.805,10.225000000000001,1.0
-73.49,-73.49,169.58,169.58,12.805,10.225000000000001,1.0
-73.49,-73.49,169.58,169.58,12.805,10.225000000000001,1.0
-72.7,-72.7,169.6,169.6,12.805,10.225000000000001,1.0
-76.3,-76.3,-112.1,-112.1,1.29,1.29,1.0
-76.3,-76.3,-112.1,-112.1,12.805,10.225000000000001,1.0
-74.5,-74.7,165.5,165.5,12.805,10.225000000000001,1.0
-74.4,-74.4,165.0,165.0,12.805,10.225000000000001,1.0
-76.3,-76.3,-112.1,-112.1,1.29,1.29,1.0
-75.7997,-75.7997,-115.7998,-115.7998,10.0,-0.0,0.0
-73.5,-73.5,-127.0,-127.0,1.29,1.29,1.0
-75.75,-75.75,-132.5,-132.5,5.7,-0.0,0.0
-76.0,-76.0,-133.0,-133.0,4.9,-0.0,0.0
-76.0,-76.0,-133.0,-133.0,4.9,-0.0,0.0
-76.0,-76.0,-133.0,-133.0,9.4,-0.0,0.0
-76.0,-76.0,-133.0,-133.0,9.31,-0.0,0.0
-76.0,-76.0,-133.0,-133.0,9.65,-0.0,0.0
-76.0,-76.0,-133.0,-133.0,12.805,10.225000000000001,1.0
-76.0,-76.0,-133.0,-133.0,9.4,-0.0,0.0
-76.03,-76.03,-135.0,-135.0,4.7,-0.0,0.0
-76.03,-76.03,-135.0,-135.0,4.9,-0.0,0.0
-76.0,-76.0,-135.8,-135.8,2.58,-0.0,0.0
-76.0,-76.0,-135.8,-135.8,1.29,1.29,1.0
-76.0,-76.0,-135.8,-135.8,1.29,1.29,1.0
-75.25,-75.25,-110.0,-111.0,44.515,21.485,1.0
-75.22,-75.22,-133.67,-133.67,7.0,4.699999999999999,0.0
-75.0,-75.0,-133.0,-135.0,7.0,4.699999999999999,0.0
-75.0,-75.0,-133.75,-133.75,7.0,4.699999999999999,0.0
-75.0,-75.0,-133.75,-133.75,7.0,4.699999999999999,0.0
-74.42,-74.42,-132.5,-132.5,0.6,-0.0,0.0
-74.42,-74.42,-131.83,-131.83,0.7,-0.0,0.0
-76.5,-76.5,-145.0,-145.0,3.9565,1.3765,1.0
-76.5,-76.5,-145.0,-145.0,33.0,33.0,1.0
-73.75,-74.92,-98.33,-100.5,12.805,10.225000000000001,1.0
-73.75,-74.92,-98.33,-100.5,12.805,10.225000000000001,1.0
-73.75,-74.92,-98.33,-100.5,12.805,10.225000000000001,1.0
-75.75,-75.75,-132.5,-132.5,10.0,-0.0,0.0
-73.07,-73.07,167.9,167.9,15.5,9.5,0.0
-73.07,-73.07,167.9,167.9,15.5,9.5,0.0
-71.87,-71.87,167.12,167.12,15.5,9.5,0.0
-71.87,-71.87,167.12,167.12,15.5,9.5,0.0
-72.7,-72.7,167.37,167.37,15.5,9.5,0.0
-73.02,-73.02,167.23,167.23,15.5,9.5,0.0
-73.08,-73.08,168.13,168.13,15.5,9.5,0.0
-75.33,-75.33,-110.75,-110.75,33.0,33.0,1.0
-75.33,-75.33,-110.75,-110.75,33.0,33.0,1.0
-75.33,-75.33,-110.75,-110.75,33.0,33.0,1.0
-75.33,-75.33,-110.75,-110.75,33.0,33.0,1.0
-75.33,-75.33,-110.75,-110.75,33.0,33.0,1.0
-75.33,-75.33,-110.75,-110.75,33.0,33.0,1.0
-75.33,-75.33,-110.75,-110.75,33.0,33.0,1.0
-78.3761,-78.3761,163.7956,163.7956,15.05,3.6499999999999995,0.0
-78.3736,-78.3736,163.7945,163.7945,15.05,3.6499999999999995,0.0
-78.3754,-78.3754,163.8057,163.8057,15.05,3.6499999999999995,0.0
-78.3747,-78.3747,163.7852,163.7852,15.05,3.6499999999999995,0.0
-78.3375,-78.3375,164.1399,164.1399,15.05,3.6499999999999995,0.0
-78.3422,-78.3422,164.1327,164.1327,15.05,3.6499999999999995,0.0
-78.3749,-78.3749,163.7813,163.7813,15.05,3.6499999999999995,0.0
-78.3719,-78.3719,163.7958,163.7958,15.05,3.6499999999999995,0.0
-78.3717,-78.3717,163.8044,163.8044,15.05,3.6499999999999995,0.0
-78.371,-78.371,163.8052,163.8052,15.05,3.6499999999999995,0.0
-78.3747,-78.3747,163.7852,163.7852,15.05,3.6499999999999995,0.0
-78.3747,-78.3747,163.7852,163.7852,15.05,3.6499999999999995,0.0
-78.5475,-78.5475,164.5459,164.5459,15.05,3.6499999999999995,0.0
-78.5468,-78.5468,164.5405,164.5405,15.05,3.6499999999999995,0.0
-78.5383,-78.5383,164.5383,164.5383,15.05,3.6499999999999995,0.0
-78.5632,-78.5632,164.39,164.39,15.05,3.6499999999999995,0.0
-78.5562,-78.5562,164.4609,164.4609,15.05,3.6499999999999995,0.0
-78.5493,-78.5493,164.4958,164.4958,15.05,3.6499999999999995,0.0
-78.5585,-78.5585,164.449,164.449,15.05,3.6499999999999995,0.0
-78.5585,-78.5585,164.4502,164.4502,15.05,3.6499999999999995,0.0
-78.5583,-78.5583,164.4523,164.4523,15.05,3.6499999999999995,0.0
-78.5571,-78.5571,164.4562,164.4562,15.05,3.6499999999999995,0.0
-78.5546,-78.5546,164.4749,164.4749,15.05,3.6499999999999995,0.0
-78.3356,-78.3356,164.1398,164.1398,15.05,3.6499999999999995,0.0
-78.3363,-78.3363,164.1342,164.1342,15.05,3.6499999999999995,0.0
-78.3363,-78.3363,164.1342,164.1342,15.05,3.6499999999999995,0.0
-78.3375,-78.3375,164.1359,164.1359,15.05,3.6499999999999995,0.0
-78.3385,-78.3385,164.1351,164.1351,15.05,3.6499999999999995,0.0
-78.3414,-78.3414,164.1335,164.1335,15.05,3.6499999999999995,0.0
-78.3504,-78.3504,164.1164,164.1164,15.05,3.6499999999999995,0.0
-78.3752,-78.3752,163.7967,163.7967,15.05,3.6499999999999995,0.0
-78.3728,-78.3728,163.7986,163.7986,15.05,3.6499999999999995,0.0
-78.4418,-78.4418,163.3825,163.3825,15.05,3.6499999999999995,0.0
-78.566,-78.566,164.1674,164.1674,15.05,3.6499999999999995,0.0
-78.5636,-78.5636,164.3803,164.3803,15.05,3.6499999999999995,0.0
-78.5478,-78.5478,164.532,164.532,15.05,3.6499999999999995,0.0
-78.5574,-78.5574,164.4539,164.4539,15.05,3.6499999999999995,0.0
-78.334,-78.334,164.1362,164.1362,15.05,3.6499999999999995,0.0
-78.3,-78.3,164.1,164.1,15.05,3.6499999999999995,0.0
-78.5491,-78.5491,164.539,164.539,15.05,3.6499999999999995,0.0
-78.4946,-78.4946,163.3892,163.3892,3.01,2.99,0.0
-78.4571,-78.4571,163.5353,163.5353,3.01,2.99,0.0
-78.4542,-78.4542,163.6444,163.6444,3.01,2.99,0.0
-78.4966,-78.4966,163.3966,163.3966,3.01,2.99,0.0
-78.4865,-78.4865,163.6009,163.6009,3.01,2.99,0.0
-78.4726,-78.4726,163.6732,163.6732,3.01,2.99,0.0
-78.4541,-78.4541,163.6295,163.6295,3.01,2.99,0.0
-78.4713,-78.4713,163.6437,163.6437,3.01,2.99,0.0
-78.4858,-78.4858,163.5573,163.5573,3.01,2.99,0.0
-78.5499,-78.5499,164.4781,164.4781,3.01,2.99,0.0
-78.3819,-78.3819,163.7521,163.7521,3.01,2.99,0.0
-78.4492,-78.4492,163.6209,163.6209,3.01,2.99,0.0
-78.4966,-78.4966,163.3966,163.3966,3.01,2.99,0.0
-78.3716,-78.3716,163.4439,163.4439,3.01,2.99,0.0
-78.339,-78.339,164.1345,164.1345,3.01,2.99,0.0
-78.3732,-78.3732,163.7214,163.7214,3.01,2.99,0.0
-78.3768,-78.3768,163.7896,163.7896,3.01,2.99,0.0
-78.4884,-78.4884,164.3917,164.3917,3.01,2.99,0.0
-78.3433,-78.3433,164.1317,164.1317,3.01,2.99,0.0
-78.3768,-78.3768,163.7947,163.7947,3.01,2.99,0.0
-78.369,-78.369,163.8091,163.8091,3.01,2.99,0.0
-78.3833,-78.3833,163.885,163.885,3.01,2.99,0.0
-78.3797,-78.3797,163.8932,163.8932,3.01,2.99,0.0
-78.3999,-78.3999,163.8435,163.8435,3.01,2.99,0.0
-78.401,-78.401,163.8373,163.8373,3.01,2.99,0.0
-78.3972,-78.3972,163.8308,163.8308,3.01,2.99,0.0
-78.3775,-78.3775,163.7501,163.7501,3.01,2.99,0.0
-78.3727,-78.3727,163.7009,163.7009,3.01,2.99,0.0
-78.3542,-78.3542,164.1266,164.1266,3.01,2.99,0.0
-78.376,-78.376,164.2324,164.2324,3.01,2.99,0.0
-78.504,-78.504,163.7581,163.7581,3.01,2.99,0.0
-78.388,-78.388,164.1225,164.1225,3.01,2.99,0.0
-78.3778,-78.3778,164.1287,164.1287,3.01,2.99,0.0
-78.3801,-78.3801,164.1517,164.1517,3.01,2.99,0.0
-78.4077,-78.4077,164.279,164.279,3.01,2.99,0.0
-78.4748,-78.4748,164.0127,164.0127,3.01,2.99,0.0
-78.4093,-78.4093,164.1223,164.1223,3.01,2.99,0.0
-78.464,-78.464,163.6429,163.6429,3.01,2.99,0.0
-78.4679,-78.4679,163.6437,163.6437,3.01,2.99,0.0
-78.4794,-78.4794,163.623,163.623,3.01,2.99,0.0
-78.4648,-78.4648,163.5804,163.5804,3.01,2.99,0.0
-78.495,-78.495,164.0043,164.0043,3.01,2.99,0.0
-78.3717,-78.3717,163.8044,163.8044,3.01,2.99,0.0
-78.3734,-78.3734,163.8131,163.8131,3.01,2.99,0.0
-78.3735,-78.3735,163.8282,163.8282,3.01,2.99,0.0
-78.3807,-78.3807,163.8348,163.8348,3.01,2.99,0.0
-78.3679,-78.3679,163.8966,163.8966,3.01,2.99,0.0
-78.378,-78.378,163.7498,163.7498,3.01,2.99,0.0
-78.3741,-78.3741,163.7228,163.7228,3.01,2.99,0.0
-78.4927,-78.4927,163.4382,163.4382,3.01,2.99,0.0
-78.3951,-78.3951,164.2375,164.2375,3.01,2.99,0.0
-78.3774,-78.3774,164.2735,164.2735,3.01,2.99,0.0
-78.3812,-78.3812,164.2343,164.2343,3.01,2.99,0.0
-78.3901,-78.3901,164.2983,164.2983,3.01,2.99,0.0
-78.3932,-78.3932,164.298,164.298,3.01,2.99,0.0
-78.3821,-78.3821,164.2911,164.2911,3.01,2.99,0.0
-78.3823,-78.3823,164.2383,164.2383,3.01,2.99,0.0
-78.3742,-78.3742,164.2199,164.2199,3.01,2.99,0.0
-78.3956,-78.3956,164.2099,164.2099,3.01,2.99,0.0
-78.3536,-78.3536,164.1069,164.1069,3.01,2.99,0.0
-78.3811,-78.3811,164.1625,164.1625,3.01,2.99,0.0
-78.3821,-78.3821,164.1908,164.1908,3.01,2.99,0.0
-78.3986,-78.3986,164.2721,164.2721,3.01,2.99,0.0
-78.4077,-78.4077,164.279,164.279,3.01,2.99,0.0
-78.4068,-78.4068,164.3197,164.3197,3.01,2.99,0.0
-78.5433,-78.5433,164.5057,164.5057,3.01,2.99,0.0
-78.5433,-78.5433,164.5057,164.5057,3.01,2.99,0.0
-78.5462,-78.5462,164.6059,164.6059,3.01,2.99,0.0
-78.5392,-78.5392,164.5859,164.5859,3.01,2.99,0.0
-78.5338,-78.5338,164.3795,164.3795,3.01,2.99,0.0
-78.6282,-78.6282,164.0967,164.0967,3.01,2.99,0.0
-78.4908,-78.4908,164.3891,164.3891,3.01,2.99,0.0
-78.4146,-78.4146,164.2023,164.2023,3.01,2.99,0.0
-78.4707,-78.4707,163.9595,163.9595,3.01,2.99,0.0
-78.4575,-78.4575,164.0265,164.0265,3.01,2.99,0.0
-78.4468,-78.4468,164.1921,164.1921,3.01,2.99,0.0
-78.4532,-78.4532,164.1825,164.1825,3.01,2.99,0.0
-78.458,-78.458,164.142,164.142,3.01,2.99,0.0
-78.4069,-78.4069,164.0568,164.0568,3.01,2.99,0.0
-78.4066,-78.4066,164.4159,164.4159,3.01,2.99,0.0
-78.4519,-78.4519,163.5426,163.5426,3.01,2.99,0.0
-78.465,-78.465,163.5854,163.5854,3.01,2.99,0.0
-78.3675,-78.3675,163.804,163.804,3.01,2.99,0.0
-78.3984,-78.3984,163.8279,163.8279,3.01,2.99,0.0
-78.4341,-78.4341,164.4413,164.4413,3.01,2.99,0.0
-78.3411,-78.3411,164.1329,164.1329,3.01,2.99,0.0
-73.086,-73.086,170.9178,170.9178,1.29,1.29,1.0
-73.086,-73.086,170.9178,170.9178,1.29,1.29,1.0
-73.086,-73.086,170.9178,170.9178,1.29,1.29,1.0
-72.967,-72.967,170.989,170.989,1.29,1.29,1.0
-73.2255,-73.2255,170.988,170.988,1.29,1.29,1.0
-73.2255,-73.2255,170.988,170.988,1.29,1.29,1.0
-74.1408,-74.1408,166.0828,166.0828,1.29,1.29,1.0
-74.1408,-74.1408,166.0828,166.0828,1.29,1.29,1.0
-74.4,-74.4,165.0,165.0,1.29,1.29,1.0
-74.6,-74.6,164.6,164.6,1.29,1.29,1.0
-75.33,-75.33,-110.75,-110.75,1.29,1.29,1.0
-75.33,-75.33,-110.75,-110.75,1.29,1.29,1.0
-75.33,-75.33,-110.75,-110.75,14.1815,8.848500000000001,1.0
-75.33,-75.33,-110.75,-110.75,1.29,1.29,1.0
-75.33,-75.33,-110.75,-110.75,1.29,1.29,1.0
-75.33,-75.33,-110.75,-110.75,1.29,1.29,1.0
-75.33,-75.33,-110.75,-110.75,1.29,1.29,1.0
-75.33,-75.33,-110.75,-110.75,1.29,1.29,1.0
-78.56,-78.56,164.4717,164.4717,15.05,3.6499999999999995,0.0
-78.5476,-78.5476,164.5175,164.5175,15.05,3.6499999999999995,0.0
-78.5491,-78.5491,164.539,164.539,15.05,3.6499999999999995,0.0
-78.4811,-78.4811,163.6473,163.6473,3.01,2.99,0.0
-78.4946,-78.4946,163.3892,163.3892,3.01,2.99,0.0
-78.4558,-78.4558,163.542,163.542,3.01,2.99,0.0
-78.4577,-78.4577,163.5486,163.5486,3.01,2.99,0.0
-78.5023,-78.5023,163.533,163.533,3.01,2.99,0.0
-78.4517,-78.4517,163.8066,163.8066,3.01,2.99,0.0
-78.4697,-78.4697,163.5764,163.5764,3.01,2.99,0.0
-78.3757,-78.3757,163.8064,163.8064,3.01,2.99,0.0
-78.3983,-78.3983,163.8531,163.8531,3.01,2.99,0.0
-78.3787,-78.3787,164.2296,164.2296,3.01,2.99,0.0
-78.4363,-78.4363,164.2232,164.2232,3.01,2.99,0.0
