Author,Sample,Larger_Region,Region,Province,TAS_Description,Alkalinity,Age,Uncertainty,Method,Latitude,Longitude,SiO2,TiO2,Al2O3,FeO,CaO,MgO,MnO,K2O,Na2O,P2O5,H2O,LOI,Li,Sc,Ti,V ,Cr,Co,Ni,Cu,Zn,Ga,Rb,Sr,Y ,Zr,Nb,Sn,Cs,Ba,La,Ce,Pr,Nd,Sm,Eu,Gd,Tb,Dy,Ho,Er,Tm,Yb,Lu,Hf,Ta,Tl,Pb,Th,U ,87Sr/86Sr,143Nd/144Nd,206Pb/204Pb,207Pb/206Pb,208Pb/204Pb
Aviado_2015,NV-15B,Australiasia_Antarctica,Antarctica,Ross_Island,Basanite,Alkaline,3,3,Stratigraphic,-74.6564,165.4094,42.02,3.16,12.15,11.71,9.84,10.82,0.18,1.52,3.61,0.76,,,,,,184,227,,388,132,93,,34,817,34,336,80,,,425,60,103,12.6,51,10.9,3.3,11,1.4,6.6,1.1,2.8,,2.5,0.4,7.9,5.9,,2.2,8.2,1.7,0.70287,0.51297,,,
Aviado_2015,NV-15,Australiasia_Antarctica,Antarctica,Ross_Island,Foidite,Alkaline,3,3,Stratigraphic,-74.6496,165.4015,40.92,3.5,12.06,12.61,9.86,9.08,0.19,1.37,3.43,1.29,,,,,,187,198,,461,111,102,,24,844,35,319,62,,,328,51,95,12.6,54,11.6,3.4,11,1.4,7,1.1,2.8,,2.5,0.4,7.7,4.8,,1.5,5.6,1.2,0.7034,0.51293,19.817,15.596,39.33
Aviado_2015,NV-14C,Australiasia_Antarctica,Antarctica,Ross_Island,Basanite,Alkaline,3,3,Stratigraphic,-74.5917,164.816,44.66,2.73,15.96,10.86,9.57,5.97,0.18,1.23,3.55,0.66,,,,,,166,75,,281,182,84,,17,846,25,172,44,,,616,35,65,8.5,37,7.8,3.3,8,1,5,0.8,2.2,,2,0.3,4.1,3.4,,1.8,3.8,0.8,0.7033,0.51296,19.563,15.604,39.242
Aviado_2015,NV-14A,Australiasia_Antarctica,Antarctica,Ross_Island,Basanite,Alkaline,3,3,Stratigraphic,-74.5749,164.8094,43.42,3.27,15.61,11.95,9.61,6.33,0.18,1.12,3.55,0.79,,,,,,180,85,,213,65,85,,18,839,30,201,52,,,307,40,74,9.6,41,8.9,2.9,9,1.2,5.7,1,2.6,,2.3,0.3,4.7,3.8,,1.1,4.1,0.8,0.70267,0.5129,19.673,15.603,39.251
Aviado_2015,NV-13A,Australiasia_Antarctica,Antarctica,Ross_Island,Basanite,Alkaline,3,3,Stratigraphic,-74.5836,164.1811,43.19,2.91,13.48,11.48,11.25,8.95,0.17,0.77,2.66,0.69,,,,,,226,343,,193,57,79,,13,642,23,153,36,,,244,29,58,7.4,32,6.7,2.4,7,0.9,4.3,0.7,1.9,,1.7,0.2,3.1,2.5,,1.1,2.7,0.6,0.70338,0.51294,19.651,15.638,39.361
Aviado_2015,NV-12A,Australiasia_Antarctica,Antarctica,Ross_Island,Trachyandesite,Alkaline,3,3,Stratigraphic,-74.5,165,56.53,0.94,15.96,8.31,3.54,1.01,0.22,3.81,5.8,0.29,,,,,,0,4,,162,119,124,,78,433,53,538,121,,,1207,83,148,17.8,70,14.6,4.5,14,2,10.2,1.7,4.6,,4.6,0.7,12.4,8.7,,8.4,14.3,2.7,,,,,
Aviado_2015,NV-11B,Australiasia_Antarctica,Antarctica,Ross_Island,Basanite,Alkaline,3,3,Stratigraphic,-74.3115,165.0148,44.96,2.65,16.51,10.95,9.71,4.98,0.19,1.12,3.58,1.06,,,,,,132,62,,282,198,89,,13,900,28,196,43,,,647,40,74,9.8,44,9.6,3.9,9,1.1,5.6,0.9,2.4,,2.1,0.3,4,3.3,,1.7,4,0.7,0.70394,0.51288,19.229,15.623,39.329
Aviado_2015,NV-6E,Australiasia_Antarctica,Antarctica,Ross_Island,Foidite,Alkaline,3,3,Stratigraphic,-71.6193,170.5561,39.25,3.55,12.56,11.99,10.09,9.21,0.16,0.86,3.53,0.68,,,,,,235,225,,435,226,75,,21,800,30,225,58,,,323,43,78,10.3,44,9.7,2.9,9,1.2,5.9,1,2.6,,2.4,0.3,5.6,4.4,,1.7,4.6,1,,,,,
Aviado_2015,VC-21,Australiasia_Antarctica,Antarctica,Ross_Island,Basanite,Alkaline,3,3,Stratigraphic,-71.6935,170.5574,41.46,2.99,13.43,11.86,10.28,6.52,0.17,1.42,3.47,0.65,,,,,,240,218,,373,206,80,,75,695,30,311,68,,,419,49,84,10.6,44,9.1,2.8,9,1.2,5.7,1,2.5,,2.4,0.4,5.3,5.1,,1.9,6.4,2.3,,,,,
Aviado_2015,NV-4B,Australiasia_Antarctica,Antarctica,Ross_Island,Basanite,Alkaline,3,3,Stratigraphic,-71.955,171.0915,42.94,2.67,12.79,11.18,10.38,10.7,0.18,0.94,2.98,0.54,,,,,,209,395,,411,101,78,,16,592,27,203,53,,,269,39,70,8.8,36,7.6,2.3,7,1,5.1,0.8,2.3,,2.1,0.3,4.6,3.8,,1,4.6,0.9,,,,,
Aviado_2015,VC-44,Australiasia_Antarctica,Antarctica,Ross_Island,Foidite,Alkaline,3,3,Stratigraphic,-73.149,167.1647,40.91,4.36,13.68,14.05,11.09,5.53,0.2,0.42,3.14,1.17,,,,,,291,10,,382,176,99,,12,843,34,193,47,,,425,45,82,11.4,51,11.1,3.7,10,1.4,6.8,1.1,2.9,,2.5,0.4,5,3.9,,1.1,4.2,1.8,0.70324,0.51289,19.924,15.6,39.493
Aviado_2015,VC-3,Australiasia_Antarctica,Antarctica,Ross_Island,Basanite,Alkaline,3,3,Stratigraphic,-74.5,165,46.35,2.59,15.96,10.34,7.23,3.78,0.23,1.61,5.05,1.23,,,,,,99,4,,303,95,98,,21,848,43,359,102,,,576,76,136,17,69,13.7,3.9,13,1.7,8.1,1.4,3.7,,3.5,0.5,7.8,7.5,,3.3,9.3,2,,,,,
Aviado_2015,NV-3B,Australiasia_Antarctica,Antarctica,Ross_Island,Basanite,Alkaline,3,3,Stratigraphic,-71.9333,171.1666,42.26,3.4,14.93,12.2,9.79,6.09,0.21,1.14,3.44,0.91,,,,,,215,35,,296,101,87,,20,925,28,217,61,,,371,47,83,10.7,46,9.6,3.1,9,1.2,5.6,0.9,2.4,,2.2,0.3,5.2,4.7,,1.6,5.5,1,0.70343,0.51282,20.028,15.658,39.916
Aviado_2015,NV-3I,Australiasia_Antarctica,Antarctica,Ross_Island,Basanite,Alkaline,3,3,Stratigraphic,-71.9333,171.1666,45.95,2.44,16.99,10.02,7.81,3.51,0.22,1.85,5.31,1.21,,,,,,108,18,,411,264,95,,42,987,39,420,109,,,498,84,144,17.4,68,12.9,3.7,13,1.7,7.4,1.2,3.4,,3.3,0.5,8.6,8.3,,3.3,11.2,2.3,0.70212,0.51295,20.228,15.659,39.798
Aviado_2015,12.19-01-7,Australiasia_Antarctica,Antarctica,Ross_Island,Basanite,Alkaline,3,3,Stratigraphic,-78.4331,163.5441,43.92,3.45,14.73,10.48,10.61,7.86,0.22,1.27,3.66,0.74,,,,,,248,237,,85,30,92,,28,1052,31,313,81,,,460,54,110,13.2,52,10.3,3.4,9,1.3,6.9,1.3,3.2,,2.4,0.4,7,5.4,,2.7,5.9,1.8,,,,,
Aviado_2015,12-19-01-5,Australiasia_Antarctica,Antarctica,Ross_Island,Basanite,Alkaline,3,3,Stratigraphic,-78.4331,163.5441,42.45,3.98,14.4,11.42,10.32,7.44,0.22,1.39,3.14,0.78,,,,,,252,174,,56,21,94,,24,1255,28,272,85,,,584,53,108,12.8,50,9.7,3.3,8,1.2,6.3,1.1,2.8,,2.2,0.3,6.2,5.4,,3.1,5.6,1.7,,,,,
Aviado_2015,12-10-01-5,Australiasia_Antarctica,Antarctica,Ross_Island,Trachyte,Alkaline,3,3,Stratigraphic,-78.4331,163.5441,64.23,0.16,16.74,3.33,0.92,0.04,0.15,5.19,7.04,0.02,,,,,,1,2,,0,2,167,,301,6,56,985,318,,,14,207,337,31.1,91,13.6,0.4,10,1.7,10.3,2.1,6.1,,6.4,1,24.3,23.2,,25.3,58.8,14.2,,,,,
Aviado_2015,12-19-01-3,Australiasia_Antarctica,Antarctica,Ross_Island,Basanite,Alkaline,3,3,Stratigraphic,-78.4331,163.5441,43.8,3.18,14.69,10.67,9.95,8.53,0.21,1.51,3.43,0.93,,,,,,231,364,,134,40,91,,31,1094,30,231,71,,,513,53,107,12.9,50,9.8,3.4,8,1.2,6.6,1.2,3,,2.3,0.3,5.3,4.4,,2.4,5,1.4,,,,,
Aviado_2015,12-10-01-1,Australiasia_Antarctica,Antarctica,Ross_Island,Trachyandesite,Alkaline,3,3,Stratigraphic,-78.4331,163.5441,54.97,1.39,17.42,7.72,4.32,1.78,0.23,3.45,5.96,0.56,,,,,,20,2,,0,8,124,,80,654,4,457,130,,,1130,83,155,17.3,62,10.9,3.6,9,1.3,7.5,1.4,3.7,,3.2,0.5,9.8,7.8,,7.7,12,3,,,,,
Aviado_2015,12-10-01-2,Australiasia_Antarctica,Antarctica,Ross_Island,Basaltic Trachyandesite,Alkaline,3,3,Stratigraphic,-78.4331,163.5441,51.56,2.22,17.08,8.67,6.02,3.39,0.19,2.79,4.68,0.76,,,,,,116,22,,10,23,103,,76,774,34,381,103,,,806,80,149,16.7,60,10.9,3.3,9,1.3,7.2,1.3,3.5,,2.9,0.5,8.4,6.8,,8.1,11.3,2.8,,,,,
Aviado_2015,NV-5B,Australiasia_Antarctica,Antarctica,Ross_Island,Foidite,Alkaline,3,3,Stratigraphic,-71.3178,170.2651,40.48,4.05,15.43,12.43,10.01,5.24,0.21,1.75,4.05,1.12,,,,,,205,11,,547,272,97,,31,996,39,278,90,,,541,60,106,13.6,58,12.5,3.7,12,1.6,7.6,1.2,3.3,,3.1,0.4,6.3,6.7,,1.7,6.7,1.3,,,,,
Aviado_2015,AW82-284,Australiasia_Antarctica,Antarctica,Ross_Island,Basanite,Alkaline,3,3,Stratigraphic,-71.3178,170.2651,43.85,3.12,16.4,10.46,9.13,4.21,0.2,2.45,4.58,1.03,,,,,,148,53,,287,177,103,,66,1351,42,440,106,,,774,88,147,18.1,74,14.9,4.4,14,1.8,8.4,1.4,3.6,,3.4,0.5,9.8,7.8,,2.1,8.5,1.2,0.70293,0.51295,20.01,15.622,39.435
Aviado_2015,NV17A,Australiasia_Antarctica,Antarctica,Ross_Island,Basanite,Alkaline,3,3,Stratigraphic,-71.3178,170.2651,43.21,2.97,15.16,10.48,9.93,5.31,0.21,1.9,4.28,0.76,,,,,,162,127,,330,219,94,,42,1236,35,376,83,,,627,64,111,14.1,58,12,3.7,11,1.5,6.9,1.1,3,,2.8,0.4,8.1,6,,1.6,6.5,1.2,0.70296,0.51292,19.995,15.628,39.425
Aviado_2015,BFT-1,Australiasia_Antarctica,Antarctica,Ross_Island,Tephriphonolite,Alkaline,6.76,0.05,Ar-Ar,-71.3178,170.2651,50.95,1.53,19.57,7,5.15,1.28,0.2,3.75,7.25,0.63,,,,,,32,7,,,,,,129,1316,40,637,174,,,1066,117,196,20,73,13,4.1,12,1.5,7.4,1.3,3.5,,,0.5,11.9,13.2,,4.4,15.3,4,0.703,0.51293,19.981,15.626,39.403
Aviado_2015,BFT-2,Australiasia_Antarctica,Antarctica,Ross_Island,Phonotephrite,Alkaline,6.73,0.03,Ar-Ar,-71.3178,170.2651,49.74,1.9,18.91,7.84,6.01,1.95,0.22,3.47,6.18,0.73,,,,,,46,7,,,,,,112,1378,44,633,164,,,1034,116,199,21.1,80,14.7,4.5,14,1.7,8.3,1.4,3.9,,,0.5,12.3,13.2,,3.9,14.6,3.8,0.70303,0.51295,19.996,15.631,39.434
Aviado_2015,BFT-5,Australiasia_Antarctica,Antarctica,Ross_Island,Basanite,Alkaline,3,3,Stratigraphic,-71.3178,170.2651,43.27,3.23,12.52,12.17,9.2,10.77,0.2,1.72,3.47,1.28,,,,,,143,429,,,,,,42,939,37,440,100,,,528,82,151,17.3,71,14.1,4.2,13,1.5,7.4,1.2,3,,,0.4,10,7.6,,2.2,9.2,2.2,,,,,
Aviado_2015,NV-16B,Australiasia_Antarctica,Antarctica,Ross_Island,Foidite,Alkaline,3,3,Stratigraphic,-76.1706,168.3791,41.84,2.02,12.62,11.06,9.18,8.76,0.27,2.11,5.89,0.85,,,,,,152,288,,,,,,50,692,32,230,75,,,471,58,97,10.3,40,8,2.5,8,1,5.7,1,2.8,,,0.4,5.3,5.9,,2.4,9.8,1.7,,,,,
Aviado_2015,04ANT1-6,Australiasia_Antarctica,Antarctica,Ross_Island,Basalt,Alkaline,3.28,0.04,Ar-Ar,-76.1706,168.3791,46.2,1.85,13.74,10.92,9.23,8.87,0.21,1.3,3.69,0.45,,,,,,152,288,,,,,,50,692,32,230,75,,,471,58,97,10.3,40,8,2.5,8,1,5.7,1,2.8,,,0.4,5.3,5.9,,2.4,9.8,1.7,0.70289,0.51296,19.66,15.584,39.117
Aviado_2015,04ANT1-8,Australiasia_Antarctica,Antarctica,Ross_Island,Basanite,Alkaline,3,3,Stratigraphic,-76.1706,168.3791,44.26,2.17,13.66,10.68,9.57,7.53,0.26,0.24,5.36,0.88,,,,,,131,276,,,,,,86,1126,45,488,145,,,864,107,181,19,73,13.7,4.1,13,1.6,8.4,1.5,4,,,0.6,9.3,10.9,,4.6,18.4,4.8,,,,,
Aviado_2015,04ANT1-9,Australiasia_Antarctica,Antarctica,Ross_Island,Basanite,Alkaline,3.38,0.04,Ar-Ar,-76.1706,168.3791,44.12,2.2,13.43,11.32,9.62,9.28,0.22,1.57,4.01,0.62,,,,,,157,293,,,,,,56,802,33,281,89,,,546,62,107,11.6,46,9,2.8,9,1.1,6.2,1.1,3,,,0.4,6,6.6,,2.7,9.8,2.2,,,,,
Aviado_2015,04ANT5A-19,Australiasia_Antarctica,Antarctica,Ross_Island,Basanite,Alkaline,3.68,0.16,Ar-Ar,-76.1706,168.3791,43.62,2.13,13.31,10.47,9.56,7.57,0.26,1.95,5.34,0.88,,,,,,137,293,,,,,,79,1177,46,477,147,,,824,111,186,19.2,73,14,4.2,13,1.7,8.4,1.5,4,,,0.6,9.5,11.3,,4.7,18.8,3.9,,,,,
Aviado_2015,04DRE1-31,Australiasia_Antarctica,Antarctica,Ross_Island,Basanite,Alkaline,0.13,0.024,Ar-Ar,-76.3449,168.3856,41.49,2.68,12.85,13.04,10.72,6.72,0.27,1.89,4.92,1.3,,,,,,136,113,,,,,,47,1087,42,352,125,,,1031,101,168,18,71,13.9,4.1,13,1.6,8,1.4,3.7,,,0.5,7.4,9.2,,3,14,3.3,0.70344,0.513,19.486,15.582,38.981
Aviado_2015,04DRE1-32,Australiasia_Antarctica,Antarctica,Ross_Island,Basanite,Alkaline,0.12,0.026,Ar-Ar,-76.3449,168.3856,41.86,2.69,12.92,13.08,10.64,6.94,0.27,1.96,5.23,1.32,,,,,,145,134,,,,,,52,1228,43,346,133,,,898,107,177,19,75,14.4,4.2,13,1.6,8.2,1.4,3.7,,,0.5,7.7,9.7,,3.6,14.3,2.8,0.70292,0.51297,19.481,15.577,38.961
Aviado_2015,04DRE2-42,Australiasia_Antarctica,Antarctica,Ross_Island,Basanite,Alkaline,1,0.05,Ar-Ar,-76.7322,168.7641,46.6,2.81,16.89,9.2,8.31,3.77,0.21,2.61,4.65,0.84,,,,,,139,45,,,,,,62,1407,37,470,125,,,812,94,168,18.4,72,13,4,12,1.4,6.9,1.2,3.2,,,0.5,10.1,9.2,,3.6,11,2.8,0.70317,0.51288,19.67,15.606,39.144
Aviado_2015,04DRE3-56,Australiasia_Antarctica,Antarctica,Ross_Island,Foidite,Alkaline,0.19,0.176,Ar-Ar,-75.9754,168.2267,39.45,2.56,11.84,11.02,12.83,11.27,0.23,1.77,3.63,1.1,,,,,,204,342,,,,,,62,1018,35,264,104,,,870,89,152,17.5,71,13.8,4.1,12,1.5,7.9,1.4,3.6,,,0.5,6.9,9.3,,3.1,15.2,3.6,,,,,
Aviado_2015,04DRE3-59,Australiasia_Antarctica,Antarctica,Ross_Island,Basanite,Alkaline,3,3,Stratigraphic,-75.9754,168.2267,41.14,2.44,12.33,9.61,14.24,10.54,0.19,1.22,3.51,0.76,,,,,,251,413,,,,,,33,776,30,225,92,,,657,65,111,12.4,50,9.8,3,9,1.1,6,1,2.7,,,0.3,5.2,7,,2.5,11,2.3,,,,,
Aviado_2015,04DRE3-73,Australiasia_Antarctica,Antarctica,Ross_Island,Foidite,Alkaline,0.09,0.066,Ar-Ar,-75.9754,168.2267,40.41,2.63,12.01,11.18,13.31,11.06,0.23,1.69,3.69,1.19,,,,,,210,348,,,,,,50,1005,36,273,116,,,869,91,152,16.3,64,12.4,3.7,12,1.4,7,1.2,3.2,,,0.4,6.1,8.4,,3.4,13.7,2.9,0.70319,0.51301,19.532,15.583,39.007
Aviado_2015,04DRE4-75,Australiasia_Antarctica,Antarctica,Ross_Island,Basanite,Alkaline,1.93,0.04,Ar-Ar,-75.9754,168.2267,41.11,3.22,12.47,12.67,11.37,8.65,0.24,0.97,4.29,1.17,,,,,,208,276,,,,,,15,1132,40,396,123,,,664,96,169,18.4,73,14,4.1,13,1.6,7.9,1.4,3.5,,,0.5,9.1,9.4,,3.2,13.2,2.9,0.70338,0.51294,19.776,15.61,39.328
Aviado_2015,04DRE4-76,Australiasia_Antarctica,Antarctica,Ross_Island,Basanite,Alkaline,1.92,0.04,Ar-Ar,-76.9825,167.489,43.66,2.58,12.07,11.15,11.76,13.7,0.18,0.88,2.2,0.45,,,,,,232,614,,,,,,24,514,24,185,47,,,326,33,64,7.5,32,6.6,2.1,6,0.9,4.6,0.8,2.2,,,0.3,4.4,3.5,,1.4,4.1,1,0.7032,0.51293,19.463,15.634,39.214
Aviado_2015,04DRE5-80,Australiasia_Antarctica,Antarctica,Ross_Island,Basanite,Alkaline,3.94,0.08,Ar-Ar,-76.5785,166.7026,42.19,4,13.17,13.15,9.27,8.33,0.21,1.73,3.31,0.87,,,,,,196,96,,,,,,45,874,39,442,87,,,479,63,119,14.1,59,12.7,3.9,12,1.5,7.8,1.3,3.3,,,0.4,10.2,6.8,,2,7.8,1.9,0.70313,0.51292,19.834,15.595,39.382
Aviado_2015,04DRE5-81,Australiasia_Antarctica,Antarctica,Ross_Island,Basanite,Alkaline,3,3,Stratigraphic,-76.5785,166.7026,41.56,4.05,11.95,12.8,9.88,10.82,0.18,1.48,2.78,0.88,,,,,,205,284,,,,,,37,798,32,364,75,,,415,54,102,12.1,52,11.2,3.4,10,1.3,6.7,1.1,2.7,,,0.3,8.4,5.9,,1.9,7,1.5,0.70333,0.51294,,,
Aviado_2015,05DRE5-85,Australiasia_Antarctica,Antarctica,Ross_Island,Basanite,Alkaline,3.73,0.14,Ar-Ar,-76.5785,166.7026,42.57,3.34,11.54,12.49,9.94,12.73,0.17,1.29,2.17,0.67,,,,,,194,405,,,,,,29,705,26,267,59,,,363,44,82,9.7,40,8.3,2.6,8,1,5.2,0.9,2.3,,,0.3,5.9,4.4,,1.5,5.2,1.2,,,,,
Aviado_2015,04DRE5-89,Australiasia_Antarctica,Antarctica,Ross_Island,Basanite,Alkaline,3,3,Stratigraphic,-76.5785,166.7026,41.73,3.62,12.19,12.77,9.12,10.72,0.19,1.39,2.92,0.77,,,,,,196,292,,,,,,32,823,31,336,77,,,457,56,106,12.2,51,10.5,3.2,10,1.2,6,1,2.6,,,0.3,7.6,5.8,,1.9,7.1,1.6,,,,,
Aviado_2015,04DRE6-107,Australiasia_Antarctica,Antarctica,Ross_Island,Foidite,Alkaline,0.51,0.024,Ar-Ar,-75.9682,168.6177,40.24,3.39,13.09,13.13,11.54,4.9,0.26,2.71,4.42,1.42,,,,,,183,18,,,,,,78,1264,48,380,152,,,1173,118,198,21.6,86,16.9,5,15,1.8,9.2,1.6,4,,,0.6,8.5,10.9,,4.5,15.2,3.6,0.70352,0.513,19.432,15.521,38.92
Panter_2000,TW92-059,Australiasia_Antarctica,Antarctica,Marie_Byrd,Basanite,Alkaline,9.34,0.24,Ar-Ar,-76.68,-118,44.27,3.05,16.79,14.05,11.73,6.09,0.2,0.66,2.87,0.3,,0.93,,27.8,,370,3,,49,69,88,20,13,609,22,124,29,,0.13,182,22.56,47.8,,23.4,4.97,1.71,,0.78,,,,,1.72,0.22,3.39,1.92,,0.84,2.31,0.42,0.702761,0.512887,20.766,15.751,40.052
Panter_2000,TW92-125,Australiasia_Antarctica,Antarctica,Marie_Byrd,Trachybasalt,Alkaline,2.54,0.09,Ar-Ar,-77.15,-117.15,47.55,2.35,16.06,11.42,9.44,7.39,0.19,1.3,3.82,0.46,,0.1,,,,188,260,,111,64,86,18,32,556,32,191,49,,,337,,,,,,,,,,,,,,,,,,,,,,,,,
Panter_2000,TW92-128,Australiasia_Antarctica,Antarctica,Marie_Byrd,Trachybasalt,Alkaline,2.52,0.06,Ar-Ar,-76.85,-117.75,47.09,2.32,16.35,11.57,9.31,7.32,0.19,1.24,4.11,0.51,,0.01,,,,174,245,,104,61,80,17,30,586,31,191,46,,,340,,,,,,,,,,,,,,,,,,,,,,,,,
Panter_2000,TW92-130,Australiasia_Antarctica,Antarctica,Marie_Byrd,Basalt,Alkaline,3.88,0.03,Ar-Ar,-76.85,-117.75,47.19,2.35,16.07,11.59,9.33,7.83,0.19,1.13,3.86,0.46,,0.48,,24.2,,191,328,,116,50,86,19,25,611,28,185,47,,0.31,307,32.6,64.9,,30.4,6.19,2.05,,0.94,,,,,2.29,0.3,4.54,2.95,,2.5,3.31,0.96,0.702826,0.512907,20.048,15.679,39.496
Panter_2000,TW92-135,Australiasia_Antarctica,Antarctica,Marie_Byrd,Trachybasalt,Alkaline,2.54,0.29,Ar-Ar,-76.85,-117.75,48.07,1.92,17.1,11.06,8.79,5.97,0.22,1.49,4.91,0.48,,0.05,,19.4,,154,203,,79,59,88,18,37,589,31,219,76,,0.35,469,51.9,97.7,,40,7.12,2.19,,0.92,,,,,2.87,0.38,4.92,4.32,,2.79,5.75,1.78,0.702735,0.51286,20.934,15.769,40.175
Panter_2000,TW92-142,Australiasia_Antarctica,Antarctica,Marie_Byrd,Basalt,Alkaline,1.82,0.05,Ar-Ar,-76.85,-117.75,46.74,1.8,14.65,10.64,10.77,10.54,0.2,1.05,3.3,0.31,,0.29,,31.4,,226,663,,243,84,88,16,26,404,28,175,47,,0.27,267,32.17,63.7,,29.6,5.98,1.82,,0.87,,,,,2.44,0.33,4.4,2.93,,2.08,3.73,1.02,0.702755,0.512883,20.541,15.756,39.919
Panter_2000,TW92-145,Australiasia_Antarctica,Antarctica,Marie_Byrd,Basalt,Alkaline,1.81,0.01,Ar-Ar,-76.85,-117.75,47.67,1.78,14.9,10.51,9.98,9.8,0.2,1.21,3.65,0.31,,0.46,,29.2,,204,608,,231,81,95,18,31,396,32,213,61,,0.37,318,38.8,76.3,,34.2,6.68,2.04,,0.95,,,,,2.97,0.43,5.23,3.71,,3,4.83,1.22,,,,,
Panter_2000,TW92-151,Australiasia_Antarctica,Antarctica,Marie_Byrd,Basanite,Alkaline,0.03,0.01,Ar-Ar,-76.8,-117.95,46.84,2.57,16.08,11.2,8.87,7.46,0.19,1.67,4.52,0.61,,0.51,,22.6,,177,303,,112,52,86,19,38,682,34,295,70,,0.53,360,46.1,89.4,,40.5,7.99,2.42,,1,,,,,3.1,0.45,6.34,4.37,,2.85,5.71,1.42,0.702757,0.512913,19.949,15.682,39.363
Panter_2000,TW92-157,Australiasia_Antarctica,Antarctica,Marie_Byrd,Basanite,Alkaline,0.85,0.04,Ar-Ar,-76.8,-117.95,46.95,2.45,16.63,12.01,8.31,6.21,0.21,1.55,4.92,0.75,,0.64,,,,156,146,,67,58,79,18,37,868,32,264,63,,,438,,,,,,,,,,,,,,,,,,,,,,,,,
Panter_2000,TW92-159,Australiasia_Antarctica,Antarctica,Marie_Byrd,Basanite,Alkaline,1.6,0.02,Ar-Ar,-76.8,-117.95,48.93,2.17,16.77,10.98,7.33,5.57,0.19,1.88,5.41,0.76,,0.44,,,,101,173,,66,46,83,17,42,779,32,298,67,,,411,,,,,,,,,,,,,,,,,,,,,,,,,
Panter_2000,TW92-162,Australiasia_Antarctica,Antarctica,Marie_Byrd,Basalt,Alkaline,6.7,0.05,Ar-Ar,-76.71,-117.6,45.74,2.01,14.86,12.11,9.03,10.96,0.2,0.99,3.72,0.38,,0.49,,23.2,,175,488,,294,70,88,17,23,544,26,158,50,,0.22,332,33.3,62.9,,29,5.8,1.87,,0.82,,,,,2.35,0.32,4.11,2.88,,1.25,3.42,0.93,0.702672,0.512857,20.397,15.719,39.793
Panter_2000,TW92-165,Australiasia_Antarctica,Antarctica,Marie_Byrd,Basalt,Alkaline,7.38,0.07,Ar-Ar,-76.71,-117.6,46.46,2.14,15.35,11.79,9.72,9.66,0.18,0.81,3.47,0.41,,0.03,,,,203,427,,224,77,77,17,18,525,25,147,34,,,249,,,,,,,,,,,,,,,,,,,,,,,,,
Panter_2000,TW92-169,Australiasia_Antarctica,Antarctica,Marie_Byrd,Basanite,Alkaline,6.41,0.43,Ar-Ar,-76.71,-117.6,45.33,3.46,16.54,13.44,8.24,5.19,0.22,1.65,5.07,0.86,,0.67,,16.7,,139,34,,28,44,88,17,31,916,36,245,80,,0.28,393,53.7,107.4,,49.4,9.9,3.01,,1.18,,,,,2.9,0.4,6.01,4.62,,4,4.71,1.37,,,,,
Phillips_2018,RI 1,Australiasia_Antarctica,Antarctica,Ross_Island,Basanite,Alkaline,1.25,0.75,Stratigraphic,-77.3764,168.0969,44.99,3.27,17.18,10.311708,8.83,3.53,0.24,2.34,5.62,1.33,,,,8.489146265,,140.8402934,0,20.3087072,0,,,,59.51866126,1717.645819,42.84412223,484.143226,157.974675,,0.676857467,826.383358,110.6203673,210.3026801,24.31261562,93.57095218,15.83564862,4.62644072,12.3788272,1.648905704,8.719052064,1.562633473,4.156489299,0.57214999,3.483816432,0.506069449,10.15112621,10.00748775,,4.987676993,11.36376784,3.077341268,0.703076,0.512911,19.6213,15.6283,39.1974
Phillips_2018,RI 3,Australiasia_Antarctica,Antarctica,Ross_Island,Basanite,Alkaline,1.25,0.75,Stratigraphic,-77.3664,168.3272,44.44,3.57,16.67,10.671628,9.36,4.6,0.23,2.27,4.82,1.42,,,,11.16368268,,170.4401879,36.92373987,25.16003852,18.26133529,,,,44.15287935,1686.554144,43.21704656,437.6479808,134.4889722,,0.416654766,711.2260059,100.4897765,197.5238702,23.57060674,92.34669443,15.88855125,4.633396013,12.7632372,1.659684387,8.726416853,1.573074912,4.104426566,0.556062892,3.325071253,0.496156637,9.398494876,8.41548803,,3.608976414,8.259799807,2.271997104,0.703133,0.512897,19.7659,15.6401,39.3475
Phillips_2018,RI 25,Australiasia_Antarctica,Antarctica,Ross_Island,Basanite,Alkaline,1.25,0.75,Stratigraphic,-77.5019,169.0542,46.03,2.73,16.5,9.58287,8.26,4.7,0.22,2.67,5.08,0.83,,,,13.96304066,,152.4710217,93.38680215,28.63095272,50.34812141,,,,56.89970066,1349.698981,36.81781327,452.0647168,135.7798428,,0.578562053,823.2439895,98.23961806,173.4564092,19.96944296,73.94818635,12.25398077,3.700976939,9.656998262,1.29085214,6.947807214,1.265156941,3.407374881,0.48534015,2.937685364,0.431856215,9.044857955,8.399704589,,4.546480897,9.610342765,2.859108988,0.703119,0.512907,19.7009,15.643,39.2787
Phillips_2018,RI 72,Australiasia_Antarctica,Antarctica,Ross_Island,Basanite,Alkaline,1.25,0.75,Stratigraphic,-77.5058,168.7494,44.68,3.09,16.58,10.410686,8.23,4.59,0.22,2.44,5.39,0.98,,,,15.18644332,,175.1247816,23.02611338,28.54961588,24.22528765,,,,62.32400281,1566.754148,39.79428658,481.7620473,155.4291302,,0.633458385,891.2355368,99.60056128,181.2573246,20.66158584,77.04995322,13.18423008,4.008925054,10.9787855,1.442330827,7.632688884,1.398303913,3.686961842,0.526701712,3.159630097,0.481150478,10.26585791,10.1847947,,4.147198277,11.74030603,3.167864341,0.703001,0.512922,19.7419,15.6313,39.2484
Phillips_2018,RI 82,Australiasia_Antarctica,Antarctica,Ross_Island,Basanite,Alkaline,1.25,0.75,Stratigraphic,-77.5142,167.9628,44.51,3.58,16.03,11.274494,9.53,7,0.22,2.44,3.97,0.87,,,,21.59214372,,241.9790951,64.14599609,39.50451212,65.59658363,,,,61.74689164,1303.409191,38.22247338,387.5490908,132.8032423,,0.734418097,837.0612375,79.77457883,145.272789,16.51249881,63.79570305,11.82546816,3.655353907,10.32030061,1.377559522,7.534864053,1.336734147,3.612755176,0.517409568,3.067969364,0.459654318,8.529429353,8.557811812,,3.510290282,10.70744572,2.866624021,0.702907,0.512959,19.4578,15.6055,38.9735
Phillips_2018,RI 96,Australiasia_Antarctica,Antarctica,Ross_Island,Phonolite,Alkaline,1.25,0.75,Stratigraphic,-77.6414,168.5744,56.12,0.39,20.07,4.45401,1.57,0.12,0.21,5.25,8.73,0.05,,,,2.327152782,,0.32099026,0,1.529138481,0,,,,124.0978924,545.8443277,34.34897584,764.5360595,208.5003115,,1.090342892,1355.198823,127.0166373,212.6066675,20.06209982,61.77347454,8.787283355,2.473981655,6.728318888,0.979575522,5.802701694,1.156659233,3.394966682,0.548866947,3.623420295,0.558450014,13.8578154,14.07701088,,6.633022914,21.70869779,5.534242259,0.703076,0.512913,19.651,15.6282,39.2058
Phillips_2018,RI 109,Australiasia_Antarctica,Antarctica,Ross_Island,Basanite,Alkaline,1.25,0.75,Stratigraphic,-77.5786,168.6897,43,3.71,15.29,11.643412,11.14,6.5,0.21,1.53,3.94,1.14,,,,21.40987201,,257.594289,138.5679875,40.41967603,59.49831822,,,,35.77530632,1288.9631,35.58259985,301.1917981,96.65653591,,0.340474724,737.4764782,68.83250333,137.8928611,16.77169006,67.49610944,12.47620662,3.932693322,10.55483344,1.358190285,7.199446486,1.266002778,3.303994109,0.448341114,2.585498723,0.370469998,7.079432726,6.091152886,,2.720106513,6.066774508,1.677828397,0.703079,0.512915,19.6088,15.6166,39.15
Phillips_2018,CC 03,Australiasia_Antarctica,Antarctica,Ross_Island,Basanite,Alkaline,1.25,0.75,Stratigraphic,-77.5128,169.3322,43.52,3.49,15.21,11.013552,10.35,6.79,0.2,1.74,4.02,0.84,,,,22.42056528,,245.686421,189.5621597,42.20382239,89.554025,,,,35.74260596,1241.22533,31.11430277,306.7747395,94.73936997,,0.375342221,728.8300194,62.63049058,127.0206125,15.26272112,59.43082007,10.93184212,3.598232734,8.983234507,1.213868906,6.529106092,1.180258488,3.011762195,0.410926066,2.457292532,0.357951801,6.947700862,5.774897181,,2.10158449,5.951993203,1.75264166,0.703048,0.51292,19.6812,15.6309,39.2126
Phillips_2018,CC 04,Australiasia_Antarctica,Antarctica,Ross_Island,Basanite,Alkaline,1.25,0.75,Stratigraphic,-77.46,169.2014,43.8,2.73,14.46,10.005776,10.75,9.77,0.19,1.67,4.49,0.67,,,,27.17478989,,251.398788,464.5285234,49.74474995,208.7285104,,,,52.98428216,966.2845572,26.82129212,272.7499407,94.57167631,,0.594909103,595.5354656,57.01521916,112.1540256,12.52422677,47.06493197,8.703783804,2.910366374,7.265969434,0.989019122,5.475131884,1.009849209,2.668882354,0.373585318,2.237670263,0.320749457,5.919989697,5.714212802,,3.855373758,7.487884056,2.476021873,0.702975,0.512949,19.5268,15.6146,39.0721
Phillips_2018,CC 05,Australiasia_Antarctica,Antarctica,Ross_Island,Phonolite,Alkaline,1.25,0.75,Stratigraphic,-77.4656,169.21,56.14,0.42,19.78,4.750944,2.04,0.15,0.22,5.33,8.39,0.07,,,,2.795334614,,0.398781416,0,1.983514795,0,,,,128.4953631,557.4367457,34.0222607,749.8905167,215.8251402,,1.105384062,1595.951985,126.504896,212.2399698,21.6543388,66.92206514,9.228673696,2.780568953,6.860548458,1.022957085,6.004507813,1.197744285,3.543160792,0.57760237,3.729251792,0.559821786,13.65982512,14.14837851,,9.513945824,19.80978276,5.147843826,0.703096,0.512911,19.6481,15.6302,39.2137
Phillips_2018,22958,Australiasia_Antarctica,Antarctica,Ross_Island,Basanite,Alkaline,1.25,0.75,Stratigraphic,-77.5169,169.2689,45.6,3.18,16.89,10.446678,8.96,4.44,0.22,2.37,4.65,1.04,,,,14.97257763,,215.9797265,45.19464042,67.70019851,25.12247835,,,,51.80765665,1479.595613,34.69855203,463.1992277,132.267517,,0.572333739,788.1437806,91.48725995,174.5460702,20.23142993,74.35099249,12.57837875,3.908892662,10.48417095,1.348081536,7.592553678,1.343241072,3.579524343,0.490013336,3.068237403,0.456310912,9.033189091,9.469522855,,5.171594439,9.787019339,2.663510603,0.703115,0.512911,19.7141,15.6419,39.2849
Phillips_2018,22962,Australiasia_Antarctica,Antarctica,Ross_Island,Tephriphonolite,Alkaline,1.25,0.75,Stratigraphic,-77.4972,169.2339,53.79,0.92,19.81,5.227838,3.27,1.03,0.21,4.79,8.37,0.29,,,,5.955750415,,44.78827317,17.97218697,21.09361797,11.18774729,,,,123.7436983,612.3530815,35.61565516,799.4801439,190.2028768,,1.285751182,610.0018598,136.5911203,231.5765094,22.40879889,68.27117579,9.724071486,2.571642608,7.905654596,1.124876988,6.740781068,1.296252078,3.864781928,0.604673793,3.826322939,0.581320787,13.47274693,14.520776,,14.72212733,21.05596468,5.435740056,0.703088,0.512911,19.282,15.6127,38.859
Phillips_2018,22970,Australiasia_Antarctica,Antarctica,Ross_Island,Basanite,Alkaline,3.5,0.5,Stratigraphic,-77.4636,169.2394,41.84,4.3,14.84,12.50722,11.66,6.85,0.21,1.45,3.71,1.08,,,,25.58897449,,338.3694137,113.3189577,67.18894374,54.06671752,,,,27.78004642,1348.436173,35.22661431,324.0606086,83.36023415,,0.296895206,548.860683,63.91406446,126.7942665,16.34845461,66.59635118,12.42297043,3.899299158,11.16774619,1.412991672,8.026968177,1.366065964,3.50053081,0.474749708,2.737860717,0.400400651,7.294232503,6.430477326,,3.298775435,5.516646631,1.298663146,0.703077,0.512904,19.6381,15.6286,39.1956
Phillips_2018,RI 93,Australiasia_Antarctica,Antarctica,Ross_Island,Basanite,Alkaline,3.5,0.5,Stratigraphic,-77.2469,166.7458,42.88,2.67,14.04,11.60742,9.63,10.04,0.21,1.28,3.8,0.57,,,,25.63775492,,230.6331768,247.3236054,53.02545979,197.2503527,,,,38.0643306,854.4046823,32.57698816,336.2163137,83.6549157,,0.395204361,441.4643855,59.31472589,111.8428528,13.00637902,50.3326783,9.23305995,2.950461927,8.553933872,1.150972689,6.374823027,1.156171116,3.090552593,0.430459404,2.556043111,0.383997028,7.446375312,5.513377997,,1.564696919,7.199357707,1.824686549,0.702932,0.512896,19.67961301,15.62655768,39.45525284
Phillips_2018,RI 117,Australiasia_Antarctica,Antarctica,Ross_Island,Basanite,Alkaline,3.5,0.5,Stratigraphic,-77.3169,166.5397,41.52,3.47,12.81,11.96734,11.35,10.1,0.19,1.55,2.8,0.74,,,,32.65730241,,273.8448806,413.0662124,57.8345485,217.1892358,,,,35.52534324,776.6662455,32.72289899,309.0945087,80.30176858,,0.307268389,402.2990021,52.59367799,104.8627721,12.8794746,51.71917362,10.15239685,3.130465244,9.110270776,1.212871327,6.617086027,1.179106776,3.056810698,0.422978358,2.434882743,0.351960953,7.268591178,5.070471044,,2.197357813,5.647308539,1.728645483,0.703156,0.512898,19.7376,15.6244,39.4391
Phillips_2018,LB 01,Australiasia_Antarctica,Antarctica,Ross_Island,Phonolite,Alkaline,3.5,0.5,Stratigraphic,-77.3025,167.1022,56.75,0.63,19.21,4.975894,2.71,0.54,0.2,4.98,7.91,0.16,,,,3.276298839,,13.9554977,0,4.354875084,0,,,,110.224288,413.4465577,28.63609481,595.9841137,152.6679325,,0.997908446,934.441074,86.83651457,150.5913533,14.68711241,46.82843769,7.233627401,1.996215243,5.658739522,0.84259966,4.897326903,0.975537353,2.962831505,0.470751625,3.051612484,0.482298408,10.65944074,9.788486617,,8.075282673,15.99962855,4.137974266,0.703132,0.512868,19.803,15.6317,39.6292
Phillips_2018,LB 02,Australiasia_Antarctica,Antarctica,Ross_Island,Phonolite,Alkaline,3.5,0.5,Stratigraphic,-77.3011,167.1028,55.94,0.69,19,5.155854,2.77,0.56,0.2,4.86,7.79,0.17,,,,2.779222245,,21.60424767,0.902495177,5.063894389,0,,,,106.2877475,416.3431885,25.70979731,498.193064,151.5500105,,1.02881799,904.3061133,81.99627379,149.6646863,14.05330357,44.91500437,6.782102433,1.948449011,5.38871748,0.780905955,4.490115066,0.886526379,2.700092487,0.425332417,2.839221063,0.430843622,9.66449764,9.322140846,,7.443931569,14.80791969,3.515453995,0.703126,0.512872,19.8001,15.6329,39.6306
Phillips_2018,LB 02I,Australiasia_Antarctica,Antarctica,Ross_Island,Tephriphonolite,Alkaline,3.5,0.5,Stratigraphic,-77.3011,167.1028,55.29,0.83,18.83,5.3988,3.17,0.85,0.2,4.71,7.6,0.21,,,,3.802398616,,27.78420527,0,6.420997222,0,,,,102.2631259,444.8195992,27.57321795,502.7010894,149.3312828,,0.961323805,886.5015481,81.06293101,146.5327268,14.18447239,46.13842443,7.211935376,2.045978284,5.760631632,0.82823931,4.831051353,0.952960572,2.877860051,0.4503063,2.981468993,0.450877286,9.710972269,9.237823478,,7.293037217,14.43660525,3.652015984,0.703124,0.51288,19.7912,15.6265,39.6126
Phillips_2018,RI 34,Australiasia_Antarctica,Antarctica,Ross_Island,Foidite,Alkaline,0.9,0.6,Stratigraphic,-77.7442,166.7669,40.86,4.05,12.72,12.408242,11.84,10.71,0.18,1.2,2.54,1.08,,,,30.00289132,,323.9768898,554.3719438,57.88093364,231.2922088,,,,18.01542195,978.1032146,29.99667899,222.3254828,57.66939336,,0.176318951,332.5021665,45.75857871,98.43810702,12.56909998,53.42787204,10.84268853,3.276995348,9.317203677,1.213664359,6.265972833,1.09323118,2.72236222,0.360735361,1.983089596,0.291894651,5.576155955,3.83242044,,1.774800892,3.456757557,0.975391608,0.703083,0.512895,19.8778,15.6472,39.449
Phillips_2018,HP 06,Australiasia_Antarctica,Antarctica,Ross_Island,Basanite,Alkaline,0.9,0.6,Stratigraphic,-77.7358,166.8744,42.83,4.31,15.34,12.28227,9.65,6.36,0.21,2.01,3.92,1.04,,,,24.701394,,292.5498564,58.57754323,43.19951851,51.60204479,,,,44.28937083,1142.048992,38.53721349,454.4407848,110.5084754,,0.421574056,569.9952006,81.19283365,152.9706056,18.6288811,73.92449665,13.78686325,3.978078849,11.55886202,1.526482062,7.931908318,1.4505683,3.751514736,0.502271307,3.025266465,0.438073599,10.21866013,7.564815356,,3.920314393,8.208474444,2.310709936,0.703047,0.512896,19.9257,15.6588,39.5092
Phillips_2018,3-283.2,Australiasia_Antarctica,Antarctica,Ross_Island,Basanite,Alkaline,0.9,0.6,Stratigraphic,-77.8481,166.6814,41.8,3.5,12.45,10.743612,12.07,10.99,0.18,1.2,2.95,0.73,,,,34.27271062,,287.8441557,555.7630189,76.60041997,212.1934723,,,,24.5637847,784.7778641,28.3603819,316.8125508,79.14218088,,0.197325847,350.3190936,52.77368983,109.3835164,12.92812907,50.68125853,9.931434458,2.936436482,8.266354485,1.098581167,5.800291173,1.047601955,2.679568709,0.3670452,2.142510915,0.310168377,7.214451136,5.305736768,,2.536164527,5.707204978,1.649468759,0.70298,0.512904,20.1199,15.6614,39.6912
Phillips_2018,D3-WC (3-372.27),Australiasia_Antarctica,Antarctica,Ross_Island,Basanite,Alkaline,0.9,0.6,Stratigraphic,-77.8481,166.6814,42.46,3.47,12.35,11.06754,11.53,11.79,0.18,1.34,2.89,0.72,,,,34.79874051,,281.7811048,575.6350289,133.5806703,247.587289,,,,26.30078764,799.1906446,29.90603709,333.7904131,80.99932075,,0.349504687,364.6941761,54.73139163,109.9107538,13.65905546,53.71494618,10.44765459,3.024101727,8.701393034,1.170779841,6.235243457,1.142575507,2.911639045,0.391784063,2.354470223,0.339018596,7.7931055,6.818598279,,2.897566295,6.088074353,1.742490278,0.703011,0.512903,20.0924,15.6559,39.6685
Phillips_2018,22888,Australiasia_Antarctica,Antarctica,Ross_Island,Phonolite,Alkaline,0.9,0.6,Stratigraphic,-77.8467,166.6997,56.33,0.57,20.81,3.23928,2.12,0.47,0.17,4.83,9.41,0.12,,,,5.032190969,,20.02741191,3.67997589,41.78551092,3.162141059,,,,135.5056935,708.133458,30.78009674,957.3878508,218.2491258,,1.697068876,774.687288,138.9249661,221.4124879,19.7056296,57.12465442,7.446749075,2.13442279,5.874724815,0.865206607,5.313501542,1.036465842,3.183962412,0.523296819,3.668776598,0.57835706,17.33262663,12.00669423,,14.62101456,28.69973301,8.37377996,0.703051,0.512889,20.2406,15.6679,39.796
Phillips_2018,RI 61,Australiasia_Antarctica,Antarctica,Ross_Island,Basanite,Alkaline,0.9,0.6,Stratigraphic,-77.5797,166.2875,44.42,3.18,16.84,11.130526,9.18,4,0.25,2.06,4.82,1.65,,,,10.31722009,,128.6026706,0,23.39574288,2.8288921,,,,42.17688764,1399.678304,45.4062091,459.8553326,144.8740781,,0.280306272,605.3709002,104.2319498,207.9806831,24.52459782,96.21030824,16.51736974,4.874332657,13.54923693,1.736968761,9.30501439,1.633218173,4.320503124,0.602440867,3.483199516,0.517926028,10.02903926,9.342115174,,3.591927157,9.640712321,2.400028252,,0.5129,,,
Phillips_2018,RI 111,Australiasia_Antarctica,Antarctica,Ross_Island,Trachyandesite,Alkaline,0.9,0.6,Stratigraphic,-77.4678,167.1181,56,0.91,18.46,7.42335,3.76,0.98,0.28,3.49,6.41,0.29,,,,3.819653001,,2.079490831,0.645422777,4.960327995,0.644983357,,,,86.89626242,897.4451756,36.8238143,730.494298,184.6286339,,0.971471501,897.8718523,117.381213,213.0210268,22.27095412,75.00438662,11.42401432,3.206563424,8.424507129,1.199375614,6.869160354,1.311166959,3.709752067,0.586165916,3.652478851,0.567933683,14.22333561,11.77202875,,7.764281006,17.03640233,4.960516939,0.702921,0.512907,19.916,15.6377,39.5616
Phillips_2018,RI 96,Australiasia_Antarctica,Antarctica,Ross_Island,Phonolite,Alkaline,0.9,0.6,Stratigraphic,-77.6414,168.5744,55.72,0.39,20.01,4.445012,1.57,0.11,0.21,5.24,8.76,0.06,,,,2.284325341,,0.259082424,0,1.615785764,0,,,,125.522281,534.366648,33.02364714,737.1988422,205.201102,,1.057019888,1334.087676,120.4296418,205.9587536,19.50031916,59.10482071,8.25961163,2.35650054,6.323118467,0.91924949,5.388150593,1.06662835,3.254563259,0.528605464,3.448920646,0.54081212,13.00572889,13.65055638,,6.557042248,20.2098474,5.403953625,,,,,
Phillips_2018,CC 03,Australiasia_Antarctica,Antarctica,Ross_Island,Basanite,Alkaline,0.9,0.6,Stratigraphic,-77.5128,169.3322,43.96,3.53,15.36,11.166518,10.45,6.8,0.2,1.76,4.05,0.85,,,,21.82928014,,246.3742499,199.3048768,41.1434054,90.34511736,,,,34.50588802,1224.913594,32.24331733,311.9417471,96.09667297,,0.336853707,702.9288989,63.16816758,127.2405348,15.20248169,59.9100436,11.01475383,3.480253746,9.168465668,1.214758368,6.403025935,1.123239819,2.924859706,0.40929605,2.365597591,0.340729676,6.897033238,5.751822664,,2.001310543,5.812316255,1.666444597,,,,,
Phillips_2018,RI 93,Australiasia_Antarctica,Antarctica,Ross_Island,Basanite,Alkaline,0.9,0.6,Stratigraphic,-77.2469,166.7458,43.41,2.71,14.16,11.778382,9.75,10.11,0.21,1.29,3.84,0.57,,,,25.05058534,,234.5138584,251.540499,54.34732223,199.0625822,,,,39.11095201,841.1481674,30.74336888,323.7872263,84.33535456,,0.415032097,440.0029842,56.76545667,110.2242385,12.88664679,48.73035702,9.043577562,2.811404874,7.891209156,1.092499115,5.999655629,1.080969341,2.891410135,0.414609668,2.393039751,0.351383672,7.007511903,5.242090217,,1.585516218,6.735350935,1.824370304,,,,,
Phillips_2018,RI 117,Australiasia_Antarctica,Antarctica,Ross_Island,Basanite,Alkaline,0.9,0.6,Stratigraphic,-77.3169,166.5397,41.39,3.43,12.74,11.850366,11.27,10.06,0.19,1.54,2.8,0.74,,,,30.68373864,,275.0005606,412.5902595,58.21236679,216.4553966,,,,36.04840646,775.9028713,31.93717038,298.6945327,79.84685258,,0.305688438,403.6947829,51.92102678,105.672423,12.86086127,51.74128833,9.962024904,3.119882471,9.023184719,1.211779334,6.513004589,1.147869738,2.944387333,0.409738918,2.382982988,0.344625038,7.180938962,5.105529943,,2.211593487,5.583060542,1.750248788,,,,,
Phillips_2018,LB 02I,Australiasia_Antarctica,Antarctica,Ross_Island,Tephriphonolite,Alkaline,0.9,0.6,Stratigraphic,-77.3011,167.1028,55.45,0.83,18.85,5.389802,3.17,0.85,0.2,4.71,7.61,0.21,,,,3.502407244,,28.1437485,0,6.408205735,0,,,,103.4341397,441.6992625,27.27272995,501.0404082,148.9651346,,0.947818323,878.2953238,79.97642411,144.9429841,14.11666408,45.3760423,7.11736129,1.997551975,5.629581013,0.824389332,4.760313169,0.943531344,2.767914996,0.441350462,2.897546538,0.440435834,9.531266903,9.088561407,,7.056790094,14.39484709,3.703223247,,,,,
Phillips_2018,22888,Australiasia_Antarctica,Antarctica,Ross_Island,Phonolite,Alkaline,0.9,0.6,Stratigraphic,-77.8467,166.6997,56.3,0.57,20.85,3.23928,2.12,0.46,0.17,4.83,9.39,0.12,,,,5.234228823,,20.02520972,4.049670517,44.70069705,2.994969962,,,,138.9999109,738.050488,31.95501751,970.9094878,234.2361977,,1.682751886,783.799715,142.4257693,229.1230348,20.47059151,59.86234565,8.029696537,2.162658312,5.899669137,0.875303987,5.090735788,1.063448878,3.197762144,0.542339703,3.645942858,0.572548416,17.83919674,11.66270193,,15.50959625,28.98669741,8.863279038,,,,,
LeMasurier_2016,85-5C3,Australiasia_Antarctica,Antarctica,Marie_Byrd,Basanite,Alkaline,0.1,0.1,Stratigraphic,-76.25,-112,48.48,3.14,14.44,12.212326,7.71,3.78,0.29,1.96,4.88,1.27,,,,,,205,9,26,9,34,139,22,32,593,43,243,50,,,,657,,,,,,,,,,,,,,,,,,,,,,,,
LeMasurier_2016,85-5E1,Australiasia_Antarctica,Antarctica,Marie_Byrd,Trachybasalt,Alkaline,0.1,0.1,Stratigraphic,-76.25,-112,48.64,3.28,14.5,12.757456,7.88,3.99,0.28,1.83,4.41,1.35,,,,,,206,7,27,4,8,137,21,29,600,45,249,52,,,,597,,,,,,,,,,,,,,,,,,,,,,,,
LeMasurier_2016,67-67A,Australiasia_Antarctica,Antarctica,Marie_Byrd,Trachybasalt,Alkaline,0.1,0.1,Stratigraphic,-76.25,-112,48.51,3.28,14.85,12.75,7.89,3.94,0.29,1.99,4.54,1.38,,,8.91,21.6,20177,159,4.39,29.5,6.9,22.6,147,26.6,32.2,607,48.7,290,60.3,1.94,0.06,0.28,648,59,125,17.6,72.7,14.1,4.26,12.6,1.76,9.15,1.76,4.41,3.42,0.5,6.2,3.63,,4.51,4.73,1.24,0.703546,0.51278,19.706,15.677,39.422
LeMasurier_2016,85-17C,Australiasia_Antarctica,Antarctica,Marie_Byrd,Basanite,Alkaline,0.1,0.1,Stratigraphic,-76.25,-112,45.16,4.43,14.18,13.822486,9.06,4.87,0.26,1.25,4.18,1.66,,,,,,256,6,31,0,26,112,20,20,793,40,214,48,,,,585,,,,,,,,,,,,,,,,,,,,0.703386,0.512789,20.243,15.737,39.993
LeMasurier_2016,85-19,Australiasia_Antarctica,Antarctica,Marie_Byrd,Basanite,Alkaline,0.1,0.1,Stratigraphic,-76.25,-112,44.62,3.66,15.26,13.758118,10.1,6.34,0.21,0.83,3.4,0.62,,,5.03,29.4,22431,369,24,52.6,37.4,53.2,108,22.7,15.4,750,27.6,192,37.8,1.71,0.05,0.14,296,29.1,61.1,8.2,34,7.11,2.47,6.66,0.95,5.07,0.98,2.49,2,0.29,4.2,2.27,,1.99,2.67,0.75,0.703434,0.512778,,,
LeMasurier_2016,85-24D,Australiasia_Antarctica,Antarctica,Marie_Byrd,Trachybasalt,Alkaline,0.066,0.0047,Ar-Ar,-76.25,-112,47.34,3.53,15.22,12.606554,8.57,4.31,0.25,1.49,4.33,1.21,,,,,,252,12,35,7,8,113,23,23,747,37,197,43,,,,746,,,,,,,,,,,,,,,,,,,,,,,,
LeMasurier_2016,85-24B,Australiasia_Antarctica,Antarctica,Marie_Byrd,Trachybasalt,Alkaline,0.1,0.1,Stratigraphic,-76.25,-112,47.41,3.5,15.18,12.57449,8.59,4.37,0.27,1.5,4.31,1.24,,,,,,243,17,39,9,28,109,20,20,748,36,193,44,,,,718,,,,,,,,,,,,,,,,,,,,,,,,
LeMasurier_2016,85-24C,Australiasia_Antarctica,Antarctica,Marie_Byrd,Trachybasalt,Alkaline,0.1,0.1,Stratigraphic,-76.25,-112,47.54,3.46,15.19,12.521504,8.55,4.25,0.26,1.54,4.49,1.2,,,5.75,21.3,20580,197,14.6,30.4,19.2,21.2,115,24.1,19.9,750,37.3,206,46.5,0.59,0.04,0.14,758,43.3,92.8,13.3,54.7,10.9,4.24,9.88,1.36,7.03,1.34,3.29,2.52,0.36,4.47,2.76,,2.21,2.95,0.76,,,,,
LeMasurier_2016,67-65B,Australiasia_Antarctica,Antarctica,Marie_Byrd,Trachybasalt,Alkaline,1,1,Stratigraphic,-73.43,-126.66,47.12,3.56,15.52,12.9,8.74,4.3,0.25,1.55,4.37,1.34,,,5.77,22.5,21296,192,8.41,30.8,13.9,20.3,120,24.8,18.8,785,39.2,214,47.8,1.77,0.04,0.14,776,44.9,96.1,14,58.1,11.4,4.46,10.4,1.43,7.35,1.39,3.45,2.61,0.38,4.63,2.89,,2.24,3.02,0.73,0.703395,0.512781,19.937,15.704,39.675
LeMasurier_2016,W83-5Ce/ f,Australiasia_Antarctica,Antarctica,Marie_Byrd,Basalt,Alkaline,1,1,Stratigraphic,-73.43,-126.66,48.98,1.77,14.74,10.815692,9.03,7,0.18,1.13,3.51,0.91,,,5.73,25.57,,132,277,34.67,102.8,29.75,100.1,21,19.99,423.1,22.79,187,39.72,1.38,0.04,0.21,276.8,29.04,57.53,7.03,28.12,5.77,1.91,5.38,0.76,4.41,0.82,2.23,1.86,0.25,4.03,2.08,,1.8,3,0.81,0.703487,0.512847,19.669,15.665,39.251
LeMasurier_2016,W83-1e/ f,Australiasia_Antarctica,Antarctica,Marie_Byrd,Basalt,Alkaline,8.75,0.55,Stratigraphic,-75.35,-110.7,45.46,3.21,15.15,12.821744,8.42,6.34,0.19,1.42,3.54,0.71,,,7,25.9,,163,102,40.91,71.5,37.22,121.6,22,24.1,454.5,28.65,241.5,49.88,1.77,0.03,0.18,267.3,31.46,65.12,8.3,33.92,7.08,2.22,6.69,0.95,5.52,1.04,2.78,2.37,0.32,5.29,2.58,,1.38,2.84,0.72,0.703723,0.512792,19.753,15.725,39.494
LeMasurier_2016,85-31Ad,Australiasia_Antarctica,Antarctica,Marie_Byrd,Trachybasalt,Alkaline,8.75,0.55,Stratigraphic,-75.35,-110.7,49,2.24,16.5,10.17908,8.12,4.74,0.18,1.68,4.09,0.7,,,8.36,20.45,-,176,63,28.89,31.7,36.9,98.4,22,30.87,449.4,28.26,327.2,56.29,2.55,0.11,0.38,221.3,38.87,77.14,9.32,36.38,6.98,2,6.46,0.91,5.36,1.02,2.83,2.53,0.35,6.71,3.24,,2.6,5.22,1.62,-,,,,
LeMasurier_2016,85-32Ed,Australiasia_Antarctica,Antarctica,Marie_Byrd,Basanite,Alkaline,8.75,0.55,Stratigraphic,-75.35,-110.7,44.47,3.58,14.51,13.112086,10.64,5.82,0.23,1.04,2.86,1.27,,,4.4,27.17,-,330,33,39.06,25.5,41.77,103.7,18,9,890.1,26.35,143.1,31.03,1.05,0.04,0.12,283.6,32,68.69,9.01,38.53,7.78,2.69,7.15,0.95,5.25,0.97,2.51,1.99,0.27,3.28,1.72,,1.19,2.41,0.67,-,,,,
LeMasurier_2016,85-32Gd,Australiasia_Antarctica,Antarctica,Marie_Byrd,Basalt,Alkaline,8.75,0.55,Stratigraphic,-75.35,-110.7,45.08,4.16,13.69,14.626114,10.53,5.36,0.26,0.68,2.91,0.96,,,4.74,34.06,-,386,28,46.04,23.7,61.83,120.4,19,5.75,469,25.55,143.7,26.94,1.19,0.03,0.03,998.9,26.02,57.04,7.75,33.52,7.23,3.05,6.85,0.92,5.14,0.94,2.44,1.96,0.26,3.39,1.52,,1.02,1.86,0.53,-,,,,
LeMasurier_2016,85-32Bd/ f,Australiasia_Antarctica,Antarctica,Marie_Byrd,Basalt,Alkaline,8.75,0.55,Stratigraphic,-75.35,-110.7,45.13,4.2,13.62,14.668238,10.35,5.5,0.26,0.66,3.05,0.95,,,3.3,33.55,-,388,25,44.84,22.6,59.87,118,21,5.78,469.8,25.32,140.7,26.54,1.18,0.03,0.03,1034.5,25.72,56.39,7.63,33.55,7.1,3.02,6.78,0.91,5.13,0.94,2.44,1.92,0.26,3.34,1.5,,1,1.87,0.54,0.703165,0.512839,20.01,15.691,39.463
LeMasurier_2016,85-33Fd,Australiasia_Antarctica,Antarctica,Marie_Byrd,Picrobasalt,Alkaline,8.75,0.55,Stratigraphic,-75.35,-110.7,44.41,2.56,15.2,11.552226,11.86,8.75,0.18,0.47,2.27,0.51,,,4.06,29.23,-,291,170,48.75,92.4,57.03,85.4,18,6.46,578.8,18.2,124.4,28.7,1.02,0.03,0.07,180.2,20.58,43.61,5.57,23.67,4.92,1.71,4.71,0.63,3.6,0.66,1.74,1.43,0.19,2.89,1.55,,0.95,2.05,0.83,-,,,,
LeMasurier_2016,85-33Bd,Australiasia_Antarctica,Antarctica,Marie_Byrd,Basanite,Alkaline,8.75,0.55,Stratigraphic,-75.35,-110.7,44.96,4.07,13.86,14.297998,10.09,5.52,0.24,0.78,2.9,0.91,,,3.75,32.43,-,371,30,44.21,23.5,58.76,115.8,19,5.11,454,24.91,133.3,25.57,1.12,0.03,0.06,1019.9,24.82,54.52,7.33,32.26,6.9,2.9,6.57,0.89,4.92,0.91,2.38,1.87,0.25,3.25,1.41,,1.01,1.79,0.42,-,,,,
LeMasurier_2016,85-35Bc,Australiasia_Antarctica,Antarctica,Marie_Byrd,Basalt,Alkaline,8.84,0.13,Ar-Ar,-75.35,-110.7,46.42,4.28,16.12,12.65437,10.49,4.02,0.2,0.86,3.33,0.49,,,,,-,310,33,36,20,63,87,24,17,580,24,161,35,,,,211,21,62,,,,,,,,,,,,,,,,,,,,,,
LeMasurier_2016,85-34c,Australiasia_Antarctica,Antarctica,Marie_Byrd,Basanite,Alkaline,8.75,0.55,Stratigraphic,-75.35,-110.7,45.83,2.94,15.26,12.385252,9.02,6.89,0.23,1.43,4.24,0.82,,,,,-,246,175,43,84,54,94,20,19,904,32,229,51,,,,236,52,83,,,,,,,,,,,,,,,,,,,,,,
Lee_2015,TRDR01,Australiasia_Antarctica,Antarctica,Ross_Island,Foidite,Alkaline,0.515,0.055,Stratigraphic,-76.104,169.211,40.51,2.65,12.58,12.45,9.87,9.81,0.2,1.83,3.89,0.82,,4.89,9.4,,,,,,121,,,,38.1,818,27.2,224,91.4,,0.5,618,62.3,114.6,12.9,47.9,9,2.7,7.8,1.1,5.9,1.1,2.9,0.4,2.3,0.3,5.2,5.8,,3.4,8.5,2.2,0.703405,0.512963,19.3734,15.6036,39.0068
Lee_2015,TRDR02,Australiasia_Antarctica,Antarctica,Ross_Island,Basanite,Alkaline,0.333,0.03,K-Ar,-76.104,169.211,42.39,2.93,14.28,12.41,11.88,7.17,0.17,1.98,4.97,0.96,,0.55,6.9,,,,,,70,,,,48.4,999,31.5,266,107.9,,0.7,767,77.8,143.5,15.7,59.8,11.1,3.4,9.5,1.2,6.8,1.2,3.3,0.4,2.7,0.4,6,6.7,,3.8,9.8,2.4,0.703082,0.512971,19.4344,15.6013,39.0203
Lee_2015,TRDR03,Australiasia_Antarctica,Antarctica,Ross_Island,Basanite,Alkaline,0.568,0.05,K-Ar,-76.104,169.211,42.11,2.83,13.93,12.44,11.89,7.68,0.19,1.94,4.75,0.91,,1.09,6.5,,,,,,81,,,,49,932,29.2,259,105.2,,0.8,800,68.2,125.3,14.1,54.5,10,3.1,9.3,1.2,6.8,1.2,3.1,0.4,2.6,0.4,5.9,6.4,,3.9,9.3,2.3,0.702998,0.512963,19.4108,15.5984,38.9991
Lee_2015,TRDR04,Australiasia_Antarctica,Antarctica,Ross_Island,Basanite,Alkaline,0.455,0.04,K-Ar,-75.955,165.65,43.74,3.95,13.19,14.16,11.7,8.28,0.2,0.96,2.74,0.57,,0.51,5.6,,,,,,135,,,,26,671,23,237,56.4,,0.4,309,43.5,90.7,10.8,43.1,8.4,2.6,7.3,1,5.3,0.9,2.4,0.3,1.9,0.3,5.9,3.9,,3.5,6.5,1.4,0.702996,0.512896,19.5653,15.6362,39.1856
Lee_2015,MMVFA01,Australiasia_Antarctica,Antarctica,Ross_Island,Basanite,Alkaline,0.278,0.03,K-Ar,-74.232,164.717,47,2.9,14.46,15.31,7.93,4.04,0.27,1.79,4.33,1.63,,0.19,7.5,,,,,,3,,,,29.5,875,37.9,251,71,,0.3,823,66.4,138.3,17.1,70.7,13.8,5.7,12.1,1.6,8.5,1.5,3.9,0.5,2.9,0.4,6.1,4.7,,3.4,5.9,1.4,0.703805,0.512896,19.3532,15.6398,39.324
Lee_2015,MMVFA02,Australiasia_Antarctica,Antarctica,Ross_Island,Trachybasalt,Alkaline,0.245,0.085,Stratigraphic,-74.232,164.717,46.79,2.87,15.73,12.58,8.83,5.5,0.19,1.52,3.91,0.83,,1.67,5.7,,,,,,55,,,,33.3,905,22.6,292,77.3,,0.4,494,43.5,89.2,10.6,41.9,7.7,2.9,6.9,1,5.1,0.9,2.4,0.3,2,0.3,6.8,4.9,,2.5,5.6,1.5,0.703062,0.512933,19.6829,15.6222,39.3436
Lee_2015,MMVFA03,Australiasia_Antarctica,Antarctica,Ross_Island,Trachybasalt,Alkaline,0.245,0.085,Stratigraphic,-74.232,164.717,46.39,2.84,13.97,14.59,8.79,4.47,0.25,1.7,3.64,1.5,,1.67,7,,,,,,3,,,,31.5,896,25.7,261,69.6,,0.5,865,44.1,93.5,11.5,48.2,9.3,4.4,8.5,1.1,5.9,1,2.7,0.3,2.2,0.6,6,4.3,,3,4.2,1,0.703781,0.512893,19.274,15.6396,39.2885
Lee_2015,MMVFA04,Australiasia_Antarctica,Antarctica,Ross_Island,Trachybasalt,Alkaline,0.205,0.01,K-Ar,-74.232,164.717,46.38,3.24,15.85,13.7,9.3,4.98,0.21,1.49,3.75,1.31,,0,5.4,,,,,,29,,,,22.5,874,29.2,195,52,,0.1,693,46.5,97.5,12.3,52,10.2,4.2,9.2,1.2,6.6,1.2,3,0.4,2.3,0.3,4.9,3.7,,2.6,4.6,1,0.70398,0.512863,19.24,15.6432,39.3711
Lee_2015,MMVFA05,Australiasia_Antarctica,Antarctica,Ross_Island,Basanite,Alkaline,0.245,0.085,Stratigraphic,-74.232,164.717,44.71,3.33,14.72,13.86,10.64,7.22,0.18,1,3.18,0.89,,0.14,4.5,,,,,,79,,,,18.6,764,23.6,169,44.3,,0.2,397,33.3,70.3,8.8,37.8,7.6,3,7.1,1,5.4,1,2.5,0.3,1.8,0.3,4.2,3.1,,2.3,3.3,0.9,0.703328,0.512914,19.3819,15.6365,39.2853
Lee_2015,MMVFA06,Australiasia_Antarctica,Antarctica,Ross_Island,Trachybasalt,Alkaline,0.119,0.02,K-Ar,-74.35,164.69,49.14,3.38,15.52,12.4,8.96,4.34,0.18,1.72,3.89,0.76,,0,7.9,,,,,,24,,,,45.2,680,30.5,258,63.1,,0.7,503,44.7,92.4,11.1,44.8,9.1,3,8.4,1.2,6.7,1.2,3.3,0.4,2.6,0.4,6.3,4.5,,4.7,7.3,1.8,0.703861,0.512857,19.0198,15.6644,39.2192
Lee_2015,MELB01,Australiasia_Antarctica,Antarctica,Ross_Island,Trachybasalt,Alkaline,1.253,0.09,K-Ar,-75.5,165,49.99,2.61,14.67,14.27,6.89,3.58,0.23,1.99,4.4,1.56,,0,8.4,,,,,,5,,,,35.9,884,30.7,369,80,,0.2,692,41.6,92,11.7,48.9,9.9,4,8.9,1.2,6.7,1.2,3.2,0.4,2.8,0.4,8.2,4.3,,2.9,4.9,1.1,0.703883,0.512841,19.1124,15.6593,39.1625
Lee_2015,MMVFB02,Australiasia_Antarctica,Antarctica,Ross_Island,Trachybasalt,Alkaline,1.338,0.07,K-Ar,-75.5,165,49.35,2.65,14.72,14.54,7.08,3.72,0.23,1.94,4.24,1.62,,0,8.2,,,,,,5,,,,33.7,824,42.3,318,76.7,,0.3,633,65,140.3,17.2,72.5,14.4,4.8,12.9,1.8,9.7,1.7,4.4,0.6,3.4,0.5,7.6,4.9,,3.5,6,1.3,0.703913,0.512839,19.104,15.6577,39.1561
Lee_2015,MMVFB03,Australiasia_Antarctica,Antarctica,Ross_Island,Basanite,Alkaline,1.312,0.09,K-Ar,-75.5,165,47.53,2.76,15.15,14.75,7.49,3.81,0.23,1.98,4.39,1.67,,0,7.5,,,,,,5,,,,40.4,843,24.4,346,75.6,,0.8,702,36.2,76.8,9.6,39.5,7.8,3.3,6.9,1,5.5,1,2.7,0.4,2.5,0.4,8,4,,4.6,4.6,1.1,0.703977,0.512843,19.0438,15.6549,39.1008
Lee_2015,MMVFB04,Australiasia_Antarctica,Antarctica,Ross_Island,Basanite,Alkaline,1.325,0.07,K-Ar,-75.5,165,47.66,2.76,15.09,15.1,7.38,3.87,0.24,2,4.54,1.75,,,8.7,,,,,,6,,,,38.5,866,48.8,349,82.6,,0.4,690,72.8,154.1,19.2,80,16.1,5.2,14.2,1.9,10.5,1.9,4.9,0.6,3.8,0.5,8,5.2,,4.5,6.5,1.7,0.70391,0.512839,18.5096,15.6809,39.0118
Martin_2013,OU78634,Australiasia_Antarctica,Antarctica,Ross_Island,Basanite,Alkaline,15.05,3.65,Stratigraphic,-78.54911667,164.53895,45.63,3.72,14.73,12.291268,9.41,6.91,0.22,1.81,3.94,1.06,,-0.63,,,,414,218,59,170,,,46.2,35.6,999,23.9,231,50,,,393,47.5,96.3,10.1,43.4,8.69,2.74,5.81,1.16,4.22,1.03,,,0.82,,9.2,2.14,,439,3.37,,0.70335,0.512852,19.579,15.645,39.268
Martin_2013,OU78529,Australiasia_Antarctica,Antarctica,Ross_Island,Trachybasalt,Alkaline,3,3,Stratigraphic,-78.37675,163.78955,47.19,2.97,16.36,10.57,9.25,5.24,0.21,1.68,4.45,0.98,,-0.18,,16.5,,152,180,44.7,48.4,,,23.6,31.5,851,24.9,246,,,52.9,478,47.2,102,12.6,47.5,7.63,3.42,6.45,1.56,4.84,1.18,3.08,2.37,,,6.7,,2.49,4.01,4.6,,,,,,
Martin_2013,OU78584,Australiasia_Antarctica,Antarctica,Ross_Island,Trachybasalt,Alkaline,3,3,Stratigraphic,-78.48835,164.3916667,46.38,2.78,16.21,10.38,9.87,7.54,0.2,1.34,4.01,0.93,,-0.53,,20.3,,221,292,60.2,128,,,19.6,25.2,1268,26.2,217,,,53.5,697,56.8,113,13.1,51.8,8.64,3.73,7.25,1.85,6.55,1.11,2.77,2.05,0.41,0.3,4.84,,2.96,3.9,4.82,,,,,,
Martin_2013,OU78530,Australiasia_Antarctica,Antarctica,Ross_Island,Basanite,Alkaline,3,3,Stratigraphic,-78.37678333,163.7947,48.06,2.91,16.73,10.32,8.21,4.31,0.22,1.85,4.95,1.11,,0.13,,17,,159,28,-,13,,,19,33,936,29,276,,,73,769,65,128,-,54,-,-,-,-,-,-,-,-,-,-,-,,-,7,5,,,,,,
Martin_2013,OU78533,Australiasia_Antarctica,Antarctica,Ross_Island,Basanite,Alkaline,3,3,Stratigraphic,-78.36896667,163.8091167,43.15,3.78,14.14,12.1,12.16,8.37,0.2,1.25,3.3,0.69,,-0.31,,30,,335,348,-,107,,,18,12,899,24,197,,,56,447,42,74,-,41,-,-,-,-,-,-,-,-,-,-,-,,-,5,3,,,,,,
Martin_2013,OU78537,Australiasia_Antarctica,Antarctica,Ross_Island,Basanite,Alkaline,3,3,Stratigraphic,-78.38328333,163.88495,45.81,3.1,15.52,11.51,9.52,7.55,0.21,1.53,4.09,0.73,,-0.66,,23,,236,244,-,113,,,18,20,879,26,260,,,64,460,48,84,-,42,-,-,-,-,-,-,-,-,-,-,-,,-,6,5,,,,,,
Martin_2013,OU78539,Australiasia_Antarctica,Antarctica,Ross_Island,Basanite,Alkaline,3,3,Stratigraphic,-78.37965,163.8932333,45.82,3.14,15.53,11.61,9.66,7.66,0.21,1.53,4.19,0.74,,-0.67,,23,,243,241,-,106,,,18,29,852,26,259,,,65,468,49,94,-,44,-,-,-,-,-,-,-,-,-,-,-,,-,6,4,,,,,,
Martin_2013,OU78541,Australiasia_Antarctica,Antarctica,Ross_Island,Basanite,Alkaline,3,3,Stratigraphic,-78.39986667,163.8434833,43.86,3.21,15.73,11.58,10.38,7.3,0.2,1.44,3.75,0.66,,0.89,,23,,287,173,-,78,,,19,13,732,25,239,,,63,417,46,92,-,47,-,-,-,-,-,-,-,-,-,-,-,,-,6,5,,,,,,
Martin_2013,OU78542,Australiasia_Antarctica,Antarctica,Ross_Island,Basanite,Alkaline,3,3,Stratigraphic,-78.40098333,163.8372667,46.83,2.69,16.25,10.98,8.44,6.01,0.22,1.85,4.76,0.86,,0.63,,18,,167,149,-,60,,,19,36,1001,29,313,,,74,646,66,134,-,51,-,-,-,-,-,-,-,-,-,-,-,,-,6,7,,,,,,
Martin_2013,OU78543,Australiasia_Antarctica,Antarctica,Ross_Island,Basalt,Alkaline,3,3,Stratigraphic,-78.39716667,163.8308,45.01,2.86,15.23,10.79,10.95,7.67,0.2,1.36,3.59,0.62,,0.72,,26,,268,362,-,96,,,19,11,701,24,236,,,61,413,48,87,-,38,-,-,-,-,-,-,-,-,-,-,-,,-,5,4,,,,,,
Martin_2013,OU78546,Australiasia_Antarctica,Antarctica,Ross_Island,Basanite,Alkaline,3,3,Stratigraphic,-78.37748333,163.7500833,45.61,3.79,16.31,12.37,8.76,5.33,0.21,1.6,4.42,1.02,,-0.39,,20,,216,14,-,21,,,18,21,1301,25,285,,,68,775,63,122,-,55,-,-,-,-,-,-,-,-,-,-,-,,-,4,3,,,,,,
Martin_2013,OU78549,Australiasia_Antarctica,Antarctica,Ross_Island,Basanite,Alkaline,3,3,Stratigraphic,-78.37271667,163.7008667,45.25,3.36,15.53,11.25,10.37,7.3,0.21,1.48,4.09,0.81,,-0.42,,24,,258,297,-,97,,,18,26,967,26,267,,,70,468,50,113,-,56,-,-,-,-,-,-,-,-,-,-,-,,-,4,5,,,,,,
Martin_2013,OU78552,Australiasia_Antarctica,Antarctica,Ross_Island,Basanite,Alkaline,3,3,Stratigraphic,-78.35416667,164.1265667,44.54,3.32,15.31,11.61,11.49,7.42,0.19,1.27,3.74,0.69,,-0.28,,28,,285,250,-,89,,,18,14,827,24,208,,,53,477,42,76,-,36,-,-,-,-,-,-,-,-,-,-,-,,-,4,4,,,,,,
Martin_2013,OU78555,Australiasia_Antarctica,Antarctica,Ross_Island,Basanite,Alkaline,3,3,Stratigraphic,-78.37596667,164.2323667,44.05,3.93,14.98,12.62,11.35,7.32,0.19,1.05,3.33,0.66,,-0.51,,28,,313,179,-,81,,,18,9,783,23,190,,,47,353,39,63,-,37,-,-,-,-,-,-,-,-,-,-,-,,-,3,3,,,,,,
Martin_2013,OU78556,Australiasia_Antarctica,Antarctica,Ross_Island,Basanite,Alkaline,3,3,Stratigraphic,-78.50225,163.5329833,48.39,2.6,16.33,9.36,8.34,6.08,0.2,2.46,5.17,0.59,,-0.2,,23,,247.4,281.3,60.7,101.3,,,23.5,86.1,836,27.7,524,,,89.6,413,69.7,130,13.6,46.8,9.34,2.4,6.56,1.74,5.77,1.07,3.12,3.28,0.39,0.38,9.26,,5.47,9.42,14,,,,,,
Martin_2013,OU78558,Australiasia_Antarctica,Antarctica,Ross_Island,Basanite,Alkaline,3,3,Stratigraphic,-78.50398333,163.75805,44.72,3.82,15.43,12.31,9.36,5.77,0.24,2.17,4.76,1.17,,-0.63,,19,,218,78,-,42,,,17,30,1578,30,282,,,89,790,72,153,-,61,-,-,-,-,-,-,-,-,-,-,-,,-,6,6,,,,,,
Martin_2013,OU78559,Australiasia_Antarctica,Antarctica,Ross_Island,Basanite,Alkaline,3,3,Stratigraphic,-78.45168333,163.8066333,44.2,3.55,14.74,11.81,11.39,8.65,0.21,1.12,3.64,0.67,,-0.43,,27.1,,305,363,64.3,145,,,18.9,28.7,794,23.7,222,,,54.2,340,44.6,91.3,10.5,42.1,8.58,2.43,6.88,1.54,5.37,0.97,2.46,2.18,0.34,0.29,5.19,,3.09,3.4,5.22,,,,,,
Martin_2013,OU78560,Australiasia_Antarctica,Antarctica,Ross_Island,Basanite,Alkaline,3,3,Stratigraphic,-78.38796667,164.1225167,42.7,3.92,15.75,13.01,12.56,7.19,0.2,0.93,2.99,0.71,,-0.48,,26,,357,102,-,54,,,18,9,935,23,182,,,50,367,28,70,-,38,-,-,-,-,-,-,-,-,-,-,-,,-,3,3,,,,,,
Martin_2013,OU78561,Australiasia_Antarctica,Antarctica,Ross_Island,Basanite,Alkaline,3,3,Stratigraphic,-78.37775,164.1287167,45.88,3.7,16.69,11.57,8.94,5.07,0.22,1.77,4.35,1.22,,-0.51,,29,,285,377,-,161,,,17,17,857,23,237,,,65,551,56,103,-,44,-,-,-,-,-,-,-,-,-,-,-,,-,4,4,,,,,,
Martin_2013,OU78570,Australiasia_Antarctica,Antarctica,Ross_Island,Basanite,Alkaline,3,3,Stratigraphic,-78.38005,164.1517167,44.09,3.31,15.19,12.35,12.49,7.99,0.2,0.81,3.02,0.67,,-0.58,,33,,342,183,-,69,,,18,7,738,21,157,,,40,317,33,60,-,36,-,-,-,-,-,-,-,-,-,-,-,,-,4,3,,,,,,
Martin_2013,OU78574,Australiasia_Antarctica,Antarctica,Ross_Island,Basanite,Alkaline,3,3,Stratigraphic,-78.40768333,164.2789833,45.85,3.7,16.69,11.56,8.93,5.08,0.22,1.77,4.36,1.21,,-0.15,,17,,223,50,-,12,,,18,20,1313,25,257,,,76,617,59,103,-,59,-,-,-,-,-,-,-,-,-,-,-,,-,3,5,,,,,,
Martin_2013,OU78586,Australiasia_Antarctica,Antarctica,Ross_Island,Basanite,Alkaline,3,3,Stratigraphic,-78.47483333,164.0127,46.95,3.21,16.89,10.63,7.73,4.09,0.24,1.93,4.88,1.63,,0.74,,11,,111,7,-,3,,,16,17,1549,32,255,,,81,776,55,125,-,53,-,-,-,-,-,-,-,-,-,-,-,,-,6,4,,,,,,
Martin_2013,OU78593,Australiasia_Antarctica,Antarctica,Ross_Island,Basanite,Alkaline,3,3,Stratigraphic,-78.40926667,164.1223167,45.07,2.88,15.57,10.81,11.28,7.93,0.21,1.45,3.91,0.82,,-0.44,,25,,247,334,-,112,,,18,21,871,25,232,,,69,487,51,88,-,44,-,-,-,-,-,-,-,-,-,-,-,,-,5,5,,,,,,
Martin_2013,OU78598,Australiasia_Antarctica,Antarctica,Ross_Island,Basanite,Alkaline,3,3,Stratigraphic,-78.46398333,163.6428833,44.21,3.78,15.59,12.29,11.24,6.2,0.21,1.51,3.93,0.82,,-0.56,,22,,347,86,-,36,,,19,21,1024,26,234,,,66,496,40,80,-,47,-,-,-,-,-,-,-,-,-,-,-,,-,5,5,,,,,,
Martin_2013,OU78599,Australiasia_Antarctica,Antarctica,Ross_Island,Basanite,Alkaline,3,3,Stratigraphic,-78.46791667,163.6437167,43.87,3.87,15.61,12.3,11.68,6.4,0.21,1.43,3.66,0.82,,-0.59,,27,,345,104,-,41,,,19,17,997,25,219,,,60,471,45,88,-,43,-,-,-,-,-,-,-,-,-,-,-,,-,3,4,,,,,,
Martin_2013,OU78601,Australiasia_Antarctica,Antarctica,Ross_Island,Basanite,Alkaline,3,3,Stratigraphic,-78.4794,163.62295,44.83,3.92,15.62,11.36,11.36,6.15,0.21,1.53,4.04,0.79,,-0.44,,24,,313,108,-,45,,,19,23,985,27,265,,,72,516,50,90,-,54,-,-,-,-,-,-,-,-,-,-,-,,-,4,5,,,,,,
Martin_2013,OU78602,Australiasia_Antarctica,Antarctica,Ross_Island,Basanite,Alkaline,3,3,Stratigraphic,-78.46971667,163.5764167,44.74,4.19,16.64,11.27,9.65,4.97,0.22,1.67,4.38,0.99,,0.28,,16.5,,256,23.2,53,21.7,,,20.2,33.5,1330,30.1,289,,,68.7,458,60,121,14.5,57.9,10.8,3.41,9.02,1.92,6.93,1.16,2.78,2.76,0.37,0.36,5.99,,4.11,4.47,6.2,,,,,,
Martin_2013,OU78603,Australiasia_Antarctica,Antarctica,Ross_Island,Basanite,Alkaline,3,3,Stratigraphic,-78.46475,163.5804167,44.28,3.6,14.61,11.88,12.27,8.18,0.2,1.12,3.19,0.71,,-0.54,,32,,332,383,-,93,,,17,9,889,25,192,,,49,381,38,69,-,37,-,-,-,-,-,-,-,-,-,-,-,,-,5,3,,,,,,
Martin_2013,OU78606,Australiasia_Antarctica,Antarctica,Ross_Island,Basanite,Alkaline,3,3,Stratigraphic,-78.495,164.0042667,45.45,2.79,15.17,11.11,9.69,8.11,0.21,1.74,4.17,0.86,,-0.4,,17,,180,225,-,126,,,17,31,1233,26,232,,,76,635,62,124,-,46,-,-,-,-,-,-,-,-,-,-,-,,-,6,3,,,,,,
Martin_2013,OU78509,Australiasia_Antarctica,Antarctica,Ross_Island,Basanite,Alkaline,3,3,Stratigraphic,-78.37168333,163.8043833,43.29,3.52,15.83,11.09,8.69,5.57,0.19,1.63,4.18,0.96,,4.68,,1,,6,,-,3,,,36,160,6,85,937,,,167,5,153,260,-,125,-,-,-,-,-,-,-,-,-,-,-,,-,21,22,,,,,,
Martin_2013,OU78531,Australiasia_Antarctica,Antarctica,Ross_Island,Basanite,Alkaline,3,3,Stratigraphic,-78.37571667,163.8064,43.83,3.73,14.55,12.36,10.36,9.51,0.2,1.05,3.38,0.58,,-0.64,,27,,311,351,-,164,,,17,6,781,23,186,,,46,333,30,63,-,33,-,-,-,-,-,-,-,-,-,-,-,,-,3,1,,,,,,
Martin_2013,OU78534,Australiasia_Antarctica,Antarctica,Ross_Island,Basanite,Alkaline,3,3,Stratigraphic,-78.37343333,163.8130833,44,3.57,14.43,12.19,10.29,9.77,0.2,1.02,3.48,0.57,,-0.71,,26,,299,380,-,187,,,17,16,726,23,185,,,51,305,36,65,-,41,-,-,-,-,-,-,-,-,-,-,-,,-,3,2,,,,,,
Martin_2013,OU78535,Australiasia_Antarctica,Antarctica,Ross_Island,Basanite,Alkaline,3,3,Stratigraphic,-78.37348333,163.8282333,44.14,3.64,14.82,12.16,10.27,9.09,0.2,1.18,3.54,0.61,,-0.69,,20.1,,247,287,59.5,139,,,20.2,17.8,776,21.7,180,,,37.3,250,31.5,64,7.97,34.2,8.15,2.24,6.47,2.1,5.98,1.11,3.27,2.01,,,5.14,,2.43,3.12,3.23,,,,,,
Martin_2013,OU78536,Australiasia_Antarctica,Antarctica,Ross_Island,Basanite,Alkaline,3,3,Stratigraphic,-78.38068333,163.8348167,43.26,3.75,13.73,12.67,9.73,11.25,0.2,1.08,3.37,0.55,,-0.78,,24,,296,765,-,279,,,16,16,833,23,176,,,51,361,29,55,-,40,-,-,-,-,-,-,-,-,-,-,-,,-,3,2,,,,,,
Martin_2013,OU78538,Australiasia_Antarctica,Antarctica,Ross_Island,Basanite,Alkaline,3,3,Stratigraphic,-78.36788333,163.8965833,43.16,3.45,13.33,12.47,10.67,11.11,0.21,1.33,3.24,0.75,,-0.78,,28,,286,450,-,115,,,16,12,1068,22,184,,,58,618,48,95,-,44,-,-,-,-,-,-,-,-,-,-,-,,-,2,3,,,,,,
Martin_2013,OU78540,Australiasia_Antarctica,Antarctica,Ross_Island,Basanite,Alkaline,3,3,Stratigraphic,-78.39831667,163.8530833,44,2.74,13.93,10.87,11.1,10.49,0.19,1.19,3.27,0.58,,1.25,,27.2,,288,494,77.4,236,,,18,27.2,673,22.1,198,,,45.7,319,42.8,78,9.27,35.6,7.21,2.3,5.46,0.83,4.49,0.85,2.47,1.86,0.31,0.24,4.51,,2.75,3.56,4.18,,0.70308,0.512874,19.932,15.642,39.584
Martin_2013,OU78545,Australiasia_Antarctica,Antarctica,Ross_Island,Basanite,Alkaline,3,3,Stratigraphic,-78.37795,163.7497833,44.25,3.26,13.98,11.48,11.35,10.02,0.2,1.24,3.49,0.7,,-0.66,,32,,277,526,-,172,,,17,14,912,24,207,,,54,480,42,75,-,39,-,-,-,-,-,-,-,-,-,-,-,,-,3,3,,,,,,
Martin_2013,OU78547,Australiasia_Antarctica,Antarctica,Ross_Island,Basanite,Alkaline,3,3,Stratigraphic,-78.3741,163.7228167,43.99,3.77,14.69,12.65,9.7,7.97,0.18,1.03,3.24,0.72,,1.37,,22,,254,241,-,91,,,18,9,1138,18,162,,,34,512,26,56,-,27,-,-,-,-,-,-,-,-,-,-,-,,-,4,3,,,,,,
Martin_2013,OU78550,Australiasia_Antarctica,Antarctica,Ross_Island,Basanite,Alkaline,3,3,Stratigraphic,-78.49266667,163.4381667,44.67,2.76,13.99,10.85,10.5,10.81,0.2,1.53,3.73,0.62,,-0.46,,25,,234,532,-,206,,,17,20,764,24,246,,,68,453,58,92,-,40,-,-,-,-,-,-,-,-,-,-,-,,-,5,5,,,,,,
Martin_2013,OU78551,Australiasia_Antarctica,Antarctica,Ross_Island,Basanite,Alkaline,3,3,Stratigraphic,-78.39506667,164.2375,41.95,3.77,12.5,12.24,11.73,11.96,0.2,1.32,3.09,0.96,,-0.75,,1.74,,49.1,17.6,54.7,9.96,,,18.5,60.4,143,1.29,15.8,,,10.4,383,5.35,12.1,1.93,2.58,,1.79,1.6,0.41,,0.25,0.77,,0.41,0.81,,,0.68,3.16,0.81,,,,,,
Martin_2013,OU78553,Australiasia_Antarctica,Antarctica,Ross_Island,Basanite,Alkaline,3,3,Stratigraphic,-78.37743333,164.2735333,43.88,3.55,13.9,11.77,11.24,9.72,0.2,1.48,3.5,0.75,,-0.66,,30,,288,348,-,168,,,17,14,810,23,215,,,60,566,46,83,-,47,-,-,-,-,-,-,-,-,-,-,-,,-,3,4,,,,,,
Martin_2013,OU78554,Australiasia_Antarctica,Antarctica,Ross_Island,Basanite,Alkaline,3,3,Stratigraphic,-78.3812,164.2343167,42.97,3.39,12.61,11.65,12.24,12.12,0.19,0.95,2.91,0.74,,-0.62,,39.2,,135,237,42.2,123,,,11,2.45,313,7.71,38.2,,,0.97,29.6,3.43,9.87,1.52,7.99,2.48,0.72,,1.3,2.09,0.48,1.28,,,0.26,2.12,,,3.51,,,,,,,
Martin_2013,OU78562,Australiasia_Antarctica,Antarctica,Ross_Island,Basanite,Alkaline,3,3,Stratigraphic,-78.39005,164.2983,43.51,3.14,13.58,11.81,11.32,11.26,0.2,1.32,3.35,0.63,,-0.56,,32,,281,553,-,236,,,17,13,693,24,213,,,58,390,44,79,-,40,-,-,-,-,-,-,-,-,-,-,-,,-,6,5,,,,,,
Martin_2013,OU78563,Australiasia_Antarctica,Antarctica,Ross_Island,Basanite,Alkaline,3,3,Stratigraphic,-78.39318333,164.2980333,43.73,3.25,14.16,11.84,11.38,10.33,0.2,1.29,3.24,0.64,,-0.38,,32,,301,409,-,176,,,17,13,706,24,207,,,55,424,44,82,-,43,-,-,-,-,-,-,-,-,-,-,-,,-,5,3,,,,,,
Martin_2013,OU78564,Australiasia_Antarctica,Antarctica,Ross_Island,Basanite,Alkaline,3,3,Stratigraphic,-78.38211667,164.2910833,42.89,3.51,13.12,11.84,11.97,11.5,0.19,1.14,2.98,0.76,,-0.57,,31,,299,537,-,261,,,16,11,752,21,195,,,56,403,36,70,-,44,-,-,-,-,-,-,-,-,-,-,-,,-,4,4,,,,,,
Martin_2013,OU78565,Australiasia_Antarctica,Antarctica,Ross_Island,Basanite,Alkaline,3,3,Stratigraphic,-78.38225,164.2383,45.27,3.16,14.63,11.86,9.59,9.07,0.21,1.73,4.06,0.69,,-0.61,,19.6,,80.3,125,50.6,134,,,17.8,3.64,624,3.4,14.5,,,0.68,35.4,3.46,7.21,1.37,3.2,1.75,1.11,2.18,1,1.24,0.25,0.71,1.54,,,1.44,,0.32,6.14,,,,,,,
Martin_2013,OU78566,Australiasia_Antarctica,Antarctica,Ross_Island,Basanite,Alkaline,3,3,Stratigraphic,-78.3787,164.2296333,42.29,3.97,14.31,11.82,11.77,9.63,0.21,1.57,3.71,0.97,,-0.61,,28.4,,465,312,102,308,,,17.8,16.6,1192,26.65,176,,,46.8,423,51.7,93.7,11.6,47.6,10.6,3.29,8.04,1.08,5.66,1.1,2.76,2.4,0.37,0.28,4.17,,2.7,2.78,4.06,,,,,,
Martin_2013,OU78567,Australiasia_Antarctica,Antarctica,Ross_Island,Basanite,Alkaline,3,3,Stratigraphic,-78.37416667,164.2198667,42.03,3.94,14.28,11.78,11.78,9.64,0.21,1.56,3.67,0.97,,-0.38,,29,,301,228,-,136,,,17,20,929,26,270,,,81,545,66,111,-,54,-,-,-,-,-,-,-,-,-,-,-,,-,4,7,,,,,,
Martin_2013,OU78568,Australiasia_Antarctica,Antarctica,Ross_Island,Basanite,Alkaline,3,3,Stratigraphic,-78.3956,164.2099333,42.7,3.93,14.09,12.08,11.52,9.92,0.19,1.35,3.39,0.85,,-0.6,,26,,288,357,-,178,,,16,18,1033,22,217,,,69,511,51,81,-,49,-,-,-,-,-,-,-,-,-,-,-,,-,3,4,,,,,,
Martin_2013,OU78569,Australiasia_Antarctica,Antarctica,Ross_Island,Basanite,Alkaline,3,3,Stratigraphic,-78.35361667,164.1068667,43.21,3.67,14.07,12.44,11.99,9.57,0.19,0.93,3.34,0.7,,-0.49,,32,,329,434,-,148,,,18,13,926,22,212,,,56,398,39,77,-,46,-,-,-,-,-,-,-,-,-,-,-,,-,3,5,,,,,,
Martin_2013,OU78571,Australiasia_Antarctica,Antarctica,Ross_Island,Basanite,Alkaline,3,3,Stratigraphic,-78.38105,164.1624833,41.19,4.66,13.25,14.02,11.59,9.69,0.21,1.16,3.19,0.87,,-0.78,,33,,373,330,-,162,,,16,13,1002,23,186,,,59,536,60,88,-,41,-,-,-,-,-,-,-,-,-,-,-,,-,5,4,,,,,,
Martin_2013,OU78572,Australiasia_Antarctica,Antarctica,Ross_Island,Foidite,Alkaline,3,3,Stratigraphic,-78.38213333,164.1908333,40.97,4.74,12.96,14.21,11.53,10.14,0.21,1.04,3.09,0.81,,-0.58,,32,,353,340,-,193,,,16,11,975,21,175,,,55,436,53,84,-,40,-,-,-,-,-,-,-,-,-,-,-,,-,6,4,,,,,,
Martin_2013,OU78573,Australiasia_Antarctica,Antarctica,Ross_Island,Basanite,Alkaline,3,3,Stratigraphic,-78.3986,164.2721,44.28,3.22,14.97,11.93,10.7,8.79,0.21,1.48,3.71,0.77,,-0.58,,20.6,,220,232,53.7,110,,,21.1,26.5,733,24.6,214,,,47.2,336,43,83.8,10.2,41.2,7.99,2.25,4.95,1.47,6.36,0.71,2.24,,0.5,0.49,4.47,,2.64,2.99,4.19,,,,,,
Martin_2013,OU78575,Australiasia_Antarctica,Antarctica,Ross_Island,Basanite,Alkaline,3,3,Stratigraphic,-78.40768333,164.2789833,43.05,3.59,13.76,12.34,12.78,10.19,0.2,0.91,2.91,0.63,,-0.74,,31,,309,433,-,139,,,17,6,736,21,164,,,38,274,34,61,-,18,-,-,-,-,-,-,-,-,-,-,-,,-,5,3,,,,,,
Martin_2013,OU78576,Australiasia_Antarctica,Antarctica,Ross_Island,Basanite,Alkaline,3,3,Stratigraphic,-78.40683333,164.3197333,42.37,4.2,14.13,13.33,11.27,8.65,0.22,1.3,3.2,1,,-0.56,,30,,332,317,-,115,,,17,12,1108,26,198,,,60,498,48,91,-,53,-,-,-,-,-,-,-,-,-,-,-,,-,4,4,,,,,,
Martin_2013,OU78577,Australiasia_Antarctica,Antarctica,Ross_Island,Basanite,Alkaline,3,3,Stratigraphic,-78.54328333,164.5057,46.62,2.85,16.47,10.55,9.4,4.79,0.21,2.06,4.37,0.83,,1.12,,20,,233,149,59.6,68,,,22.6,51.9,1178,29.4,372,,,90.7,543,77.3,151,16,61.7,10.2,3.53,6.78,1.84,6.26,1.08,3.27,2.83,0.41,0.41,7.76,,5.1,6.61,8.08,,,,,,
Martin_2013,OU78578,Australiasia_Antarctica,Antarctica,Ross_Island,Basanite,Alkaline,3,3,Stratigraphic,-78.54328333,164.5057,41.63,1.99,11.58,9.44,11.02,12.05,0.17,1.1,2.26,0.33,,7.77,,28.8,,234,722,63,288,,,15.1,21.6,429,18.4,162,,,31.5,204,25.9,51.5,6,23.6,5.31,1.65,4.53,1.37,3.83,0.72,1.83,1.87,0.3,0.21,3.92,,1.68,3.67,3.69,,,,,,
Martin_2013,OU78579,Australiasia_Antarctica,Antarctica,Ross_Island,Basanite,Alkaline,3,3,Stratigraphic,-78.54623333,164.6059,46.15,2.94,16.73,10.55,7.79,3.86,0.22,1.9,4.76,0.99,,3.52,,12,,167,487,-,31,,,19,976,27,315,86,,,74,0,635,71,-,126,-,-,-,-,-,-,-,-,-,-,-,,-,52,0,,,,,,
Martin_2013,OU78580,Australiasia_Antarctica,Antarctica,Ross_Island,Basanite,Alkaline,3,3,Stratigraphic,-78.5392,164.5858833,45.26,2.77,14.65,10.81,10.04,7.43,0.21,1.68,3.62,0.62,,2.47,,22,,249,247,-,100,,,18,711,23,199,56,,,58,0,1021,42,-,75,-,-,-,-,-,-,-,-,-,-,-,,-,40,0,,,,,,
Martin_2013,OU78581,Australiasia_Antarctica,Antarctica,Ross_Island,Basanite,Alkaline,3,3,Stratigraphic,-78.53378333,164.3795,44.79,2.9,12.5,11.9,11.93,8.96,0.22,0.98,3.89,0.83,,-0.14,,24,,268,250,-,104,,,16,22,1187,26,219,,,75,600,53,107,-,50,-,-,-,-,-,-,-,-,-,-,-,,-,5,5,,,,,,
Martin_2013,OU78582,Australiasia_Antarctica,Antarctica,Ross_Island,Basanite,Alkaline,3,3,Stratigraphic,-78.62818333,164.0967167,41.04,4.97,13.07,14.76,11.14,9.57,0.21,0.98,2.79,0.59,,-0.41,,29,,379,351,-,100,,,15,936,21,158,44,,,243,0,359,20,-,46,-,-,-,-,-,-,-,-,-,-,-,,-,35,0,,,,,,
Martin_2013,OU78583,Australiasia_Antarctica,Antarctica,Ross_Island,Basanite,Alkaline,3,3,Stratigraphic,-78.49078333,164.3891167,45.42,2.69,15.93,10.05,9.72,7.82,0.2,1.31,3.98,0.93,,0.83,,13.4,,156,103,27.2,31.3,,,22.7,12.8,387,14.3,77.7,,,3.49,422,11.1,22.3,2.68,13.4,3.13,1.15,1.97,1.1,2.35,0.46,1.63,,,0.21,3.25,,0.47,13.2,,,,,,,
Martin_2013,OU78585,Australiasia_Antarctica,Antarctica,Ross_Island,Basanite,Alkaline,3,3,Stratigraphic,-78.41456667,164.20225,42.39,3.96,14.04,12.2,11.44,9.7,0.19,1.36,3.41,0.85,,-0.49,,24.6,,259,276,62,163,,,21,28.7,936,22.1,209,,,52.8,376,46.3,88.5,11.6,45.1,8.9,3.41,7.2,1.2,5.63,0.96,2.83,,0.56,,4.2,,3.36,2.98,6.44,,,,,,
Martin_2013,OU78587,Australiasia_Antarctica,Antarctica,Ross_Island,Basanite,Alkaline,3,3,Stratigraphic,-78.47071667,163.9594667,43.18,3.53,13.28,12.07,11.67,10.47,0.2,1.3,3.11,0.83,,-0.57,,25.2,,366,249,61,101,,,20.9,22.6,962,22.8,175,,,46.6,386,42.4,89.5,10.7,45.9,9.42,2.97,8.19,1.56,4.71,1.28,2.36,2.38,,,5.5,,2.02,4.18,4.34,,,,,,
Martin_2013,OU78588,Australiasia_Antarctica,Antarctica,Ross_Island,Basanite,Alkaline,3,3,Stratigraphic,-78.45753333,164.0264667,42.89,4.19,14.71,13.06,10.88,7.93,0.22,1.61,2.86,1.05,,-0.48,,26,,327,208,-,75,,,16,26,1203,26,227,,,75,646,57,116,-,53,-,-,-,-,-,-,-,-,-,-,-,,-,5,3,,,,,,
Martin_2013,OU78590,Australiasia_Antarctica,Antarctica,Ross_Island,Basanite,Alkaline,3,3,Stratigraphic,-78.44675,164.1921167,41.16,5.02,13.43,14.13,12.07,9.31,0.22,1,2.43,0.81,,-0.53,,32,,390,359,-,87,,,15,9,915,26,178,,,55,458,60,89,-,42,-,-,-,-,-,-,-,-,-,-,-,,-,4,5,,,,,,
Martin_2013,OU78591,Australiasia_Antarctica,Antarctica,Ross_Island,Basanite,Alkaline,3,3,Stratigraphic,-78.45316667,164.1825167,45.11,2.91,14.97,11.4,9.35,8.7,0.21,1.8,4.16,0.91,,-0.39,,16.02,,291,185,55.9,127,,,23.2,33.1,940,23.1,216,,,56.4,418,50.2,94.6,11,46.3,8.03,2.36,6.29,1.37,4.67,,1.88,,0.43,,4.25,,2.77,4.54,5.68,,,,,,
Martin_2013,OU78592,Australiasia_Antarctica,Antarctica,Ross_Island,Basanite,Alkaline,3,3,Stratigraphic,-78.45798333,164.1420167,44.38,3.16,14.56,12.07,10.13,9.04,0.21,1.49,3.81,0.98,,-0.69,,23,,227,417,-,151,,,17,17,1086,25,209,,,66,533,48,93,-,43,-,-,-,-,-,-,-,-,-,-,-,,-,5,4,,,,,,
Martin_2013,OU78594,Australiasia_Antarctica,Antarctica,Ross_Island,Basanite,Alkaline,3,3,Stratigraphic,-78.40688333,164.05675,43.71,3.45,14.43,12.69,11.28,9.75,0.2,0.94,3.17,0.55,,-0.6,,23.87,,298,300,63.7,148,,,19.6,18.2,654,20.9,176,,,34.8,243,32.1,64.6,7.59,28.4,7.59,3.09,6.08,1.26,4.7,,2.01,,,,5.94,,1.62,2.94,2.63,,,,,,
Martin_2013,OU78596,Australiasia_Antarctica,Antarctica,Ross_Island,Basanite,Alkaline,3,3,Stratigraphic,-78.40658333,164.4159167,41.72,4.62,13.95,13.72,11.78,9.23,0.19,0.98,2.91,0.65,,-0.65,,32,,367,271,-,121,,,16,10,894,20,156,,,48,372,33,49,-,27,-,-,-,-,-,-,-,-,-,-,-,,-,4,4,,,,,,
Martin_2013,OU78597,Australiasia_Antarctica,Antarctica,Ross_Island,Basanite,Alkaline,3,3,Stratigraphic,-78.45186667,163.5425833,43.26,3.53,13.97,11.78,11.39,10.56,0.19,1.13,3.24,0.56,,-0.54,,31,,310,617,-,200,,,17,11,719,24,206,,,51,334,34,61,-,34,-,-,-,-,-,-,-,-,-,-,-,,-,6,3,,,,,,
Martin_2013,OU78604,Australiasia_Antarctica,Antarctica,Ross_Island,Basanite,Alkaline,3,3,Stratigraphic,-78.46501667,163.5854333,43.29,3.52,13.61,12.1,11.28,10.98,0.19,1.2,3.18,0.67,,-0.63,,28,,281,413,-,259,,,17,9,753,21,188,,,51,398,30,65,-,35,-,-,-,-,-,-,-,-,-,-,-,,-,5,3,,,,,,
Martin_2013,OU78532,Australiasia_Antarctica,Antarctica,Ross_Island,Basalt,Alkaline,3,3,Stratigraphic,-78.3675,163.8040333,45.42,2.47,14.31,10.93,12.48,9.48,0.19,0.87,2.96,0.43,,-0.55,,34,,299,364,-,131,,,17,17,511,21,160,,,42,286,29,56,-,32,-,-,-,-,-,-,-,-,-,-,-,,-,6,2,,,,,,
Martin_2013,OU78544,Australiasia_Antarctica,Antarctica,Ross_Island,Basalt,Alkaline,3,3,Stratigraphic,-78.39835,163.8279167,45.42,2.47,14.31,10.93,12.48,9.48,0.19,0.87,2.96,0.43,,-0.55,,29.7,,300,461,66.5,138,,,20.4,35.7,743,26.8,263.1,,,56,366,47.7,98,11.3,45.2,10.5,2.65,7.11,1.86,5.58,1.12,3.11,1.88,0.3,0.29,5.64,,3.16,4.82,5.01,,,,,,
Martin_2013,OU78589,Australiasia_Antarctica,Antarctica,Ross_Island,Picrobasalt,Alkaline,3,3,Stratigraphic,-78.43633333,164.2232,41.18,4.68,13.57,14.77,11.49,9.87,0.21,0.71,2.17,0.97,,-0.47,,27.5,,296,199,70.3,142,,,18.7,35.4,951,26,268.6,,,68.1,466,57.1,116,13.3,55.8,10.4,3.03,8.33,1.67,5.93,0.96,3.08,2.41,0.36,0.33,6.02,,3.95,4.61,6.79,,,,,,
Martin_2013,OU78595,Australiasia_Antarctica,Antarctica,Ross_Island,Foidite,Alkaline,3,3,Stratigraphic,-78.43406667,164.4413167,40.57,5.45,13.11,14.86,12.05,9.88,0.22,0.74,1.91,0.74,,-0.35,,25.1,,334,390,67.6,124,,,20,15,848,23.8,170.1,,,37.8,288,37.9,75,9.49,41.8,7.82,2.51,8.37,1.44,5.66,1.02,,,0.57,,,,2.54,3.81,2.31,,,,,,
Martin_2013,OU78605,Australiasia_Antarctica,Antarctica,Ross_Island,Foidite,Alkaline,3,3,Stratigraphic,-78.34111667,164.1329333,39.83,5.84,12.91,15.33,12.04,9.64,0.21,0.87,2.34,0.68,,-0.61,,26.9,,264,382,67.6,94.4,,,19.4,17.3,809,21.1,152,,,33.7,241,29.5,63.2,8.39,32.5,5.68,3.18,7.02,1.49,4.31,0.89,2.48,2.55,,0.48,4.43,,2.26,,3.21,,,,,,
LeMasurier_2011,AR60A,Australiasia_Antarctica,Antarctica,Marie_Byrd / Andrus,Basanite,Alkaline,0.05,0.05,Stratigraphic,-76.2,-132.5,46.26,3.97,15.07,12.97,7.88,4.87,0.17,1.41,4.59,1.4,,,7.86,15,,170,4.5,33.7,9.2,18.4,106,19.5,29.4,1442,29.7,233,68.9,2.2,0.317,527,49.8,103,13.3,53.3,10.5,3.69,8.76,1.19,5.89,1.06,2.66,,2.05,0.293,5.2,4.19,,2.67,5.4,1.39,0.702947,0.512905,19.991,15.602,39.073
LeMasurier_2011,AR60E,Australiasia_Antarctica,Antarctica,Marie_Byrd / Andrus,Basanite,Alkaline,0.05,0.05,Stratigraphic,-76.2,-132.5,42.35,3.76,14.79,13.25,10.03,7.02,0.21,1.73,4.17,0.86,,,7.4,23.5,,243,114.5,48.5,84.9,50.5,107,22.3,34.9,1086,36.8,322,99,2.58,0.36,528,59.7,118,15.7,58.9,10.9,3.47,9.5,1.32,6.84,1.29,3.29,,2.61,0.38,6.69,5.63,,2.58,6.71,1.97,,,,,
LeMasurier_2011,AR40C,Australiasia_Antarctica,Antarctica,Marie_Byrd / Kosciusko,Trachybasalt,Alkaline,8.66,0,Stratigraphic,-75.9,-132.2,46.68,3.06,15.68,12.47,7.86,5.36,0.18,1.55,4.21,0.88,,,7.81,15.8,,167,56.1,37.9,51.1,32.5,109,21.7,27.2,879,35.1,307,67.3,3.43,0.289,403,65.3,118.9,13.8,51.1,9.91,3.18,8.76,1.27,6.59,1.24,3.18,,2.53,0.361,6.6,3.97,,3.24,5.72,1.38,0.702801,0.512896,20.045,15.623,39.108
LeMasurier_2011,AR44,Australiasia_Antarctica,Antarctica,Marie_Byrd / Kosciusko,Basaltic Trachyandesite,Alkaline,8.66,0,Stratigraphic,-75.9,-132.2,54.38,1.6,15.6,8.6,6.52,4.06,0.16,2.65,4.6,0.28,,,,,,148,20,23,9,32,111,23,55,373,43,342,63,,,468,,,,,,,,,,,,,,,,,,,,,,,,,
LeMasurier_2011,BN14D,Australiasia_Antarctica,Antarctica,Marie_Byrd / Berlin,Basanite,Alkaline,5,5,Stratigraphic,-76.6,-136,44.99,2.81,14.24,12.14,9.16,7.88,0.19,1.6,3.84,0.78,,,8.22,24.2,,196,225,43,123,46.5,101,20.3,29.7,747,33.8,284,68.7,2.82,0.386,560,47.8,98.5,12.4,48.5,9.7,3.48,8.49,1.23,6.4,1.22,3.08,,2.48,0.356,6.02,4.03,,3.37,5.34,1.55,0.702839,0.512904,19.615,15.663,39.123
LeMasurier_2011,BU28A***,Australiasia_Antarctica,Antarctica,Marie_Byrd / Bursey,Basanite,Alkaline,0.49,0,Stratigraphic,-76.55,-132.6,45.51,4.43,14.9,12.38,8.4,5.03,0.18,1.39,4.66,1.57,,,7.49,15.7,,207,17.1,34.9,24,24.6,137,22.7,24.3,1650,31.7,220,66.1,2.04,0.275,613,51.7,112,15,61.3,12.2,4.47,10.1,1.35,6.48,1.14,2.7,,1.9,0.263,5.21,3.91,,2.4,4.02,1.17,0.702931,0.512913,19.943,15.649,39.186
LeMasurier_2011,HC37A**,Australiasia_Antarctica,Antarctica,Marie_Byrd / Patton Bl,Basalt,Alkaline,9.97,0,Stratigraphic,-75.217,-133.66,47.01,2.69,15.2,11.4,9.43,9.42,0.08,1.28,2.58,0.58,,,,,,237,329,,192,63,83,19,22.5,652,29.6,222,52.2,,0.19,291,35.5,68.7,8.52,33.8,7.38,2.26,6.45,0.96,5.38,1.02,2.63,,2.31,0.37,5.21,3.13,,2.6,3.37,0.89,0.702758,0.512961,19.502,15.643,38.882
LeMasurier_2011,SI10D***,Australiasia_Antarctica,Antarctica,Marie_Byrd / Shepard Is,Trachybasalt,Alkaline,0.6,0,Stratigraphic,-75.417,-132.5,48.86,3.33,14.14,12.63,8.38,4.42,0.18,1.61,4.19,0.79,,,8.4,21.6,,199,30.7,31.1,23.8,22.4,132,25.3,28.2,689,34.3,258,49.5,0.77,0.19,603,35.7,73.9,10.2,41.7,8.9,3.39,8.39,1.21,6.45,1.22,3.06,,2.41,0.35,5.62,2.97,,3.83,4.7,0.87,0.703284,0.512841,19.357,15.659,39.033
LeMasurier_2011,9D***,Australiasia_Antarctica,Antarctica,Marie_Byrd / Mt. Flint,Basanite,Alkaline,5,5,Stratigraphic,-75.75,-129.1,46.02,2.56,16.45,11.34,9.14,7.27,0.18,1.74,4.03,0.71,,,8.8,22.9,,224,230,43.9,116,60.8,105,22.6,44.1,843,33.8,308,81.6,2.59,0.43,469,51.2,97,12.5,46.5,8.77,2.8,7.88,1.12,6.13,1.19,3.14,,2.68,0.39,6.41,4.89,,3.98,6.82,1.78,0.7029,0.51286,19.56099,15.64376,39.14259
LeMasurier_2011,W83-5C**,Australiasia_Antarctica,Antarctica,Marie_Byrd / Mt. Siple,Basalt,Alkaline,2,0,Stratigraphic,-73.43,-126.66,48.98,1.77,14.74,10.82,9.03,7,0.18,1.13,3.51,0.91,,,,23.3,,132,277,40.6,113,43,108,21,25,535,28,202,42,,,322,35,66.6,,35,6.61,2.31,,0.86,,,,,1.9,0.36,4.21,2.58,,,3.52,1.6,0.703487,0.512847,19.669,15.665,39.251
LeMasurier_2011,W83-1**,Australiasia_Antarctica,Antarctica,Marie_Byrd / Mt. Siple,Basalt,Alkaline,0.05,0.05,Stratigraphic,-73.43,-126.66,45.46,3.21,15.15,12.82,8.42,6.34,0.19,1.42,3.54,0.71,,,,,,163,102,54,80,45,112,22,31,575,36,257,53,,,338,,,,,,,,,,,,,,,,,,,,,0.703723,0.512792,19.753,15.725,39.494
LeMasurier_2011,62**,Australiasia_Antarctica,Antarctica,Marie_Byrd / Murphy,Basalt,Alkaline,0.9,0,Stratigraphic,-75.33,-110.7,46.1,2.22,13.76,12.22,9.53,11.87,0.15,0.79,3.04,0.42,,,,23.9,,231,514,63.4,285,,,,11,533,23,156,26,,,222,20.7,44.5,,23.9,5.14,1.89,,0.98,,,,,1.64,0.24,3.5,1.66,,,1.86,1.2,0.702917,0.512893,19.764,15.667,39.915
Hole_1993,KG.3603.5,Australiasia_Antarctica,Antarctica,Alexander_Island,Basanite,Alkaline,3.5,3.5,Stratigraphic,-67,-68,46.1,2.93,14.78,9.429904,8.66,9.2,0.16,2.46,4.25,0.77,,,,,,,187,,152,,,,30,868,25,326,70,,,320,43.36,79.5,,43.4,6.99,2.72,,1.1,,,,,2.3,0.31,,4.9,,,6.67,,0.703,0.51294,19.188,15.627,38.747
Hole_1993,KG.3609.9,Australiasia_Antarctica,Antarctica,Alexander_Island,Trachybasalt,Alkaline,3.5,3.5,Stratigraphic,-67,-68,48.95,2.85,15.58,8.881026,8.36,8.01,0.17,1.83,4.24,0.68,,,,,,,234,,138,,,,12,838,26,283,42,,,113,36.61,62.19,,42.27,7.35,2.39,,1.09,,,,,2.08,0.35,6.72,3,,,3.81,,0.7027,0.51292,19.282,15.599,38.67
Hole_1993,KG.3616.5,Australiasia_Antarctica,Antarctica,Alexander_Island,Basanite,Alkaline,3.5,3.5,Stratigraphic,-67,-68,48.6,2.42,16.27,9.573872,7.18,6.16,0.17,2.24,4.67,0.83,,,,,,,188,,85,,,,14,938,26,370,56,,,176,49.37,87.23,,42.15,7.89,2.2,,0.97,,,,,2.46,0.38,7.69,4,,,5.54,,0.7027,0.51296,19.251,15.599,38.642
Hole_1993,KG.3719.17,Australiasia_Antarctica,Antarctica,Alexander_Island,Phonotephrite,Alkaline,3.5,3.5,Stratigraphic,-67,-68,49.56,1.98,16.66,10.39269,5.73,4.76,0.19,2.64,5.64,0.77,,,,13.4,,,102,28.7,65,,,,20,941,26,483,63,,,219,51.3,103,,47.7,8.23,2.6,,1.08,,,,,2.29,0.3,9.29,5.15,,,5.75,2.92,0.7028,0.51288,19.245,15.59,38.616
Hole_1993,KG.3627.8,Australiasia_Antarctica,Antarctica,Alexander_Island,Trachybasalt,Alkaline,3.5,3.5,Stratigraphic,-67,-68,49.2,2.21,16.71,8.512108,9.89,5.26,0.13,1.75,3.82,0.5,,,,,,,107,,25,,,,15,621,23,196,32,,,138,22.9,41.01,,28.66,5.87,2.08,,0.98,,,,,2.16,0.25,4.03,2.3,,,3.12,,0.703,0.51296,18.929,15.617,38.608
Hole_1993,KG.3625.2,Australiasia_Antarctica,Antarctica,Alexander_Island,Basalt,Alkaline,3.5,3.5,Stratigraphic,-67,-68,49.51,1.87,14.83,10.203732,8.58,8.9,0.15,1.23,3.29,0.36,,,,22.9,,,326,48.9,152,,,,19,458,24,159,23,,,189,17.5,35,,21.7,4.69,1.57,,0.73,,,,,1.64,0.21,3.61,1.46,,,2.93,0.86,0.7033,0.51286,18.949,15.633,38.753
Hole_1993,R.3728.1,Australiasia_Antarctica,Antarctica,Graham_Land,Basalt,Sub-Alkaline,2.5,2.5,Stratigraphic,-65,-60,51.5,1.74,14.82,9.35792,8.61,8.32,0.14,0.76,3.34,0.24,,,,21,,,346,46.8,132,,,,11,349,21,118,17,,,66,12.4,26.5,,15.2,3.92,1.49,,0.72,,,,,1.4,0.26,2.98,1.26,,,1.82,,0.703,0.51294,18.976,15.617,38.673
Hole_1993,R.3731.4,Australiasia_Antarctica,Antarctica,Graham_Land,Basaltic Andesite,Sub-Alkaline,2.5,2.5,Stratigraphic,-65,-60,52.34,1.93,15.11,9.159964,8.66,6.21,0.14,0.9,3.37,0.25,,,,23.4,,,236,39.9,81,,,,18,406,23,125,16,,0.38,122,12.8,25.7,,17.3,4.27,1.55,,0.77,,,,,1.64,0.27,3.13,1.02,,,2.36,1.08,0.7033,0.51284,19.019,15.658,38.879
Hole_1993,R.3734.1,Australiasia_Antarctica,Antarctica,Graham_Land,Basalt,Alkaline,2.5,2.5,Stratigraphic,-65,-60,48.99,2.31,14.1,10.61764,8.78,8.41,0.15,1.29,3.52,0.47,,,,22.4,,,247,49.8,172,,,,19,531,27,176,35,,0.3,141,25.5,50.4,,26.3,5.82,2.04,,0.96,,,,,1.78,0.19,4.16,2.46,,,3.55,1.51,0.7031,0.51296,19.072,15.61,38.728
Hole_1993,R.3742.3,Australiasia_Antarctica,Antarctica,Graham_Land,Trachybasalt,Alkaline,2.5,2.5,Stratigraphic,-65,-60,48.05,2.66,15.06,11.328482,8.44,7.54,0.14,1.31,3.83,0.49,,,,18.1,,,146,52.4,121,,,,9,573,22,175,29,,,116,20.8,41.8,,24.7,5.66,2.05,,0.9,,,,,1.29,,4.08,2.1,,,1.83,0.89,0.7028,0.51299,18.793,15.57,38.3